runid,topic,ERR-IA@5,ERR-IA@10,ERR-IA@20,ERR-IA@30,nERR-IA@5,nERR-IA@10,nERR-IA@20,nERR-IA@30,alpha-DCG@5,alpha-DCG@10,alpha-DCG@20,alpha-DCG@30,alpha-nDCG@5,alpha-nDCG@10,alpha-nDCG@20,alpha-nDCG@30,NRBP,nNRBP,MAP-IA,P-IA@5,P-IA@10,P-IA@20,P-IA@30,strec@5,strec@10,strec@20,strec@30
DivRank.AU_07,1,0.350378,0.366539,0.372847,0.377448,0.501516,0.507240,0.512082,0.518014,0.409977,0.445538,0.465535,0.488392,0.556936,0.565915,0.578606,0.605122,0.311494,0.460266,0.064840,0.280000,0.280000,0.260000,0.260000,0.800000,0.800000,0.800000,0.800000
DivRank.AU_07,3,0.392738,0.400093,0.406761,0.408871,0.571806,0.558613,0.563004,0.565719,0.409403,0.424805,0.445387,0.456197,0.570166,0.544198,0.556784,0.569439,0.372910,0.555694,0.068363,0.280000,0.240000,0.240000,0.240000,0.600000,0.600000,0.600000,0.600000
DivRank.AU_07,5,0.302572,0.325583,0.339286,0.348322,0.458716,0.470445,0.485148,0.497857,0.359532,0.413460,0.455018,0.495411,0.520554,0.543696,0.580951,0.631438,0.257180,0.402858,0.055992,0.240000,0.240000,0.240000,0.246667,0.800000,0.800000,0.800000,1.000000
DivRank.AU_07,6,0.254766,0.264631,0.282592,0.295429,0.350980,0.353958,0.375848,0.392675,0.268289,0.290357,0.353840,0.415774,0.351395,0.358743,0.429987,0.503909,0.250593,0.353201,0.043693,0.200000,0.200000,0.200000,0.220000,0.400000,0.400000,0.800000,1.000000
DivRank.AU_07,7,0.254766,0.280663,0.293417,0.302703,0.347934,0.371873,0.387367,0.399560,0.268289,0.329477,0.373647,0.418260,0.346729,0.401222,0.450358,0.503783,0.251173,0.352526,0.056061,0.200000,0.220000,0.220000,0.233333,0.400000,0.600000,0.800000,1.000000
DivRank.AU_07,8,0.462330,0.491469,0.499259,0.510604,0.649660,0.670033,0.676537,0.691762,0.494579,0.555471,0.578823,0.632652,0.655023,0.693273,0.710282,0.775647,0.440442,0.642581,0.060179,0.280000,0.280000,0.280000,0.273333,0.800000,0.800000,0.800000,1.000000
DivRank.AU_07,9,0.309834,0.349688,0.377123,0.379474,0.456735,0.492831,0.526413,0.529401,0.350130,0.440130,0.533462,0.544387,0.494570,0.568256,0.670285,0.682439,0.287829,0.434116,0.057224,0.240000,0.260000,0.260000,0.273333,0.600000,0.800000,1.000000,1.000000
DivRank.AU_07,10,0.298941,0.330628,0.362193,0.363134,0.434859,0.461651,0.501787,0.502936,0.349680,0.423107,0.521328,0.525553,0.484235,0.539626,0.650425,0.654871,0.260366,0.390252,0.071754,0.240000,0.240000,0.280000,0.260000,0.600000,0.800000,1.000000,1.000000
DivRank.AU_07,11,0.503480,0.531549,0.533615,0.538814,0.684774,0.703158,0.702368,0.709084,0.547696,0.607177,0.613364,0.637476,0.705743,0.740908,0.737947,0.766385,0.475079,0.662569,0.062137,0.320000,0.280000,0.280000,0.273333,1.000000,1.000000,1.000000,1.000000
DivRank.AU_07,12,0.301664,0.342965,0.361118,0.364211,0.444692,0.483357,0.504147,0.508129,0.334053,0.431685,0.484521,0.498007,0.471862,0.557353,0.609130,0.624363,0.286544,0.432178,0.063903,0.280000,0.260000,0.230000,0.220000,0.600000,1.000000,1.000000,1.000000
DivRank.AU_07,13,0.263843,0.312705,0.345542,0.350923,0.465812,0.520044,0.567530,0.575848,0.290312,0.390221,0.496222,0.520850,0.465732,0.559379,0.688164,0.719779,0.252484,0.470387,0.058920,0.240000,0.240000,0.260000,0.260000,0.400000,0.800000,1.000000,1.000000
DivRank.AU_07,14,0.334644,0.383290,0.398933,0.401902,0.485301,0.534429,0.551121,0.554923,0.379302,0.487165,0.538615,0.553594,0.525388,0.623640,0.671614,0.688757,0.313009,0.465458,0.082640,0.320000,0.320000,0.340000,0.340000,0.600000,0.800000,1.000000,1.000000
DivRank.AU_07,16,0.363691,0.434755,0.453835,0.460214,0.511054,0.594292,0.616150,0.624590,0.358450,0.502864,0.564730,0.593028,0.474733,0.630505,0.694520,0.728252,0.373670,0.545514,0.066253,0.240000,0.300000,0.310000,0.293333,0.400000,0.800000,1.000000,1.000000
DivRank.AU_07,18,0.381543,0.392184,0.396561,0.402232,0.536139,0.534348,0.537339,0.544860,0.388436,0.408842,0.423896,0.451846,0.514446,0.509765,0.520341,0.553964,0.371001,0.541198,0.068980,0.280000,0.240000,0.250000,0.240000,0.600000,0.600000,0.600000,0.800000
DivRank.AU_07,21,0.296520,0.317767,0.336261,0.341621,0.439068,0.451993,0.474233,0.481556,0.339792,0.384703,0.438762,0.466424,0.476229,0.497673,0.554167,0.587920,0.267668,0.412842,0.047495,0.240000,0.260000,0.250000,0.240000,0.600000,0.600000,0.800000,1.000000
DivRank.AU_07,22,0.321936,0.382002,0.388512,0.393181,0.439669,0.506145,0.512861,0.518953,0.373927,0.505205,0.527049,0.548883,0.483251,0.615217,0.635111,0.661052,0.289873,0.406841,0.070521,0.240000,0.280000,0.270000,0.280000,0.800000,1.000000,1.000000,1.000000
DivRank.AU_07,23,0.242663,0.287954,0.319559,0.324644,0.438251,0.490421,0.534301,0.541873,0.259667,0.350701,0.448395,0.471237,0.430772,0.520088,0.632620,0.660449,0.238262,0.449004,0.094743,0.200000,0.220000,0.220000,0.220000,0.400000,0.800000,1.000000,1.000000
DivRank.AU_07,24,0.350983,0.377994,0.392359,0.394924,0.421359,0.444577,0.460038,0.463011,0.409705,0.466081,0.510209,0.523806,0.481737,0.525496,0.570029,0.585035,0.315696,0.384547,0.075230,0.280000,0.280000,0.290000,0.286667,0.800000,0.800000,1.000000,1.000000
DivRank.AU_07,25,0.447806,0.462988,0.465045,0.465461,0.629252,0.632923,0.631521,0.631821,0.491243,0.524920,0.531670,0.533514,0.650605,0.658194,0.654286,0.655398,0.407141,0.594389,0.070827,0.320000,0.300000,0.280000,0.273333,0.800000,0.800000,0.800000,0.800000
DivRank.AU_07,26,0.376399,0.379164,0.414350,0.415343,0.516611,0.505617,0.549268,0.550469,0.428665,0.433622,0.552688,0.557690,0.558591,0.533333,0.668520,0.673984,0.350128,0.492503,0.070546,0.280000,0.240000,0.270000,0.273333,0.800000,0.800000,1.000000,1.000000
DivRank.AU_07,31,0.324054,0.336173,0.353028,0.360649,0.461240,0.462692,0.482309,0.492646,0.379479,0.408704,0.458657,0.493611,0.512204,0.516162,0.567362,0.610217,0.284463,0.417755,0.054982,0.280000,0.280000,0.270000,0.246667,0.800000,0.800000,0.800000,1.000000
DivRank.AU_07,32,0.368230,0.396706,0.410412,0.415489,0.510701,0.535283,0.551284,0.557972,0.428271,0.487803,0.535074,0.559311,0.557925,0.602421,0.652446,0.681329,0.334962,0.483477,0.077012,0.360000,0.340000,0.330000,0.346667,0.800000,0.800000,1.000000,1.000000
DivRank.AU_07,33,0.326172,0.337062,0.363491,0.373036,0.449354,0.450839,0.483444,0.495826,0.361874,0.383817,0.470229,0.516558,0.473969,0.474215,0.571423,0.626058,0.311390,0.438893,0.064098,0.240000,0.240000,0.280000,0.300000,0.600000,0.600000,1.000000,1.000000
DivRank.AU_07,34,0.372769,0.393925,0.424159,0.431323,0.519831,0.533840,0.571944,0.581474,0.372631,0.420982,0.520803,0.555807,0.488461,0.521992,0.636761,0.678923,0.368566,0.535006,0.054706,0.280000,0.260000,0.230000,0.233333,0.400000,0.600000,1.000000,1.000000
DivRank.AU_07,35,0.436914,0.471920,0.484577,0.490927,0.621878,0.650965,0.662987,0.671336,0.453478,0.524566,0.565155,0.595271,0.612085,0.664669,0.699638,0.735380,0.429735,0.631528,0.069432,0.240000,0.260000,0.270000,0.266667,0.800000,1.000000,1.000000,1.000000
DivRank.AU_07,37,0.200000,0.243824,0.257740,0.261255,0.276569,0.329261,0.344986,0.349405,0.200000,0.301140,0.347934,0.363814,0.263299,0.377829,0.425436,0.443315,0.203090,0.287304,0.052581,0.200000,0.240000,0.240000,0.233333,0.200000,0.600000,0.800000,0.800000
DivRank.AU_07,38,0.404841,0.431955,0.446521,0.450501,0.576227,0.592826,0.609021,0.614255,0.425866,0.491254,0.546842,0.565573,0.574816,0.616852,0.674670,0.696864,0.382649,0.561801,0.069690,0.320000,0.300000,0.300000,0.286667,0.600000,0.800000,1.000000,1.000000
DivRank.AU_07,39,0.250832,0.299566,0.309960,0.313072,0.350084,0.403788,0.414962,0.419023,0.282201,0.393036,0.425680,0.440412,0.375797,0.488226,0.518724,0.536115,0.227276,0.323678,0.057798,0.280000,0.280000,0.250000,0.266667,0.400000,0.800000,0.800000,0.800000
DivRank.AU_07,40,0.340091,0.347601,0.378351,0.383903,0.482818,0.476320,0.515132,0.522489,0.371940,0.387903,0.481246,0.508244,0.501052,0.487056,0.593282,0.625554,0.331729,0.485416,0.053596,0.240000,0.240000,0.260000,0.253333,0.600000,0.600000,1.000000,1.000000
DivRank.AU_07,41,0.475643,0.490066,0.515746,0.520320,0.657741,0.658285,0.687698,0.693514,0.500558,0.534153,0.621117,0.642174,0.658983,0.663462,0.755417,0.779699,0.461917,0.652889,0.069878,0.320000,0.300000,0.280000,0.273333,0.800000,0.800000,1.000000,1.000000
DivRank.AU_07,42,0.291074,0.330994,0.356732,0.356831,0.431004,0.470723,0.502895,0.502831,0.325014,0.410488,0.492871,0.493315,0.455517,0.530949,0.622085,0.621616,0.273968,0.422534,0.072228,0.240000,0.260000,0.270000,0.253333,0.600000,0.800000,1.000000,1.000000
DivRank.AU_07,43,0.352799,0.381894,0.388456,0.400754,0.498291,0.523167,0.528275,0.544803,0.395973,0.457536,0.478218,0.535649,0.528890,0.575223,0.588925,0.658662,0.336721,0.492185,0.061521,0.240000,0.240000,0.270000,0.266667,0.800000,0.800000,0.800000,1.000000
DivRank.AU_07,44,0.317095,0.354891,0.367034,0.377009,0.467440,0.500129,0.512231,0.525863,0.362868,0.446334,0.483936,0.530972,0.512564,0.576230,0.607940,0.665506,0.290149,0.437607,0.059426,0.200000,0.220000,0.260000,0.260000,0.800000,0.800000,0.800000,1.000000
DivRank.AU_07,45,0.389713,0.413092,0.428329,0.429563,0.547619,0.564154,0.581208,0.582729,0.445968,0.500314,0.554479,0.560328,0.590643,0.625921,0.681326,0.687758,0.363016,0.529952,0.063850,0.280000,0.260000,0.280000,0.293333,0.800000,0.800000,1.000000,1.000000
DivRank.AU_07,46,0.308926,0.348380,0.366623,0.373618,0.436325,0.477723,0.498959,0.508296,0.339825,0.420383,0.478271,0.514381,0.453895,0.529196,0.589374,0.632920,0.299885,0.438502,0.075611,0.280000,0.320000,0.330000,0.340000,0.600000,0.800000,0.800000,1.000000
DivRank.AU_07,53,0.285628,0.353048,0.363227,0.369772,0.339813,0.412080,0.422959,0.430549,0.317202,0.460997,0.496645,0.527767,0.368905,0.515807,0.551839,0.586235,0.273287,0.330078,0.058026,0.200000,0.260000,0.290000,0.313333,0.600000,1.000000,1.000000,1.000000
DivRank.AU_07,54,0.360061,0.391789,0.410267,0.411943,0.502746,0.531995,0.554244,0.556393,0.423886,0.494914,0.550076,0.558027,0.556174,0.614576,0.673411,0.682554,0.319115,0.464234,0.060438,0.320000,0.300000,0.280000,0.280000,0.800000,1.000000,1.000000,1.000000
DivRank.AU_07,55,0.332224,0.349484,0.362128,0.364968,0.463291,0.473694,0.488340,0.492077,0.381614,0.417941,0.459534,0.473499,0.500236,0.518296,0.561793,0.578410,0.302357,0.438920,0.073131,0.280000,0.280000,0.280000,0.273333,0.600000,0.600000,0.800000,0.800000
DivRank.AU_07,57,0.387897,0.439237,0.444446,0.452616,0.538655,0.592962,0.597055,0.607879,0.391378,0.508421,0.527308,0.566201,0.511504,0.628761,0.643131,0.689854,0.384941,0.555110,0.061611,0.240000,0.280000,0.240000,0.246667,0.600000,1.000000,1.000000,1.000000
DivRank.AU_07,58,0.317095,0.352443,0.365939,0.371120,0.447863,0.481689,0.497015,0.503905,0.378042,0.449107,0.489765,0.513327,0.504941,0.562174,0.602382,0.630594,0.273040,0.398937,0.058753,0.240000,0.240000,0.250000,0.280000,0.800000,1.000000,1.000000,1.000000
DivRank.AU_07,59,0.307413,0.355299,0.371602,0.373605,0.431973,0.484388,0.503654,0.506240,0.355416,0.460260,0.515396,0.525636,0.470715,0.574442,0.632708,0.644604,0.277789,0.405281,0.052618,0.200000,0.220000,0.220000,0.233333,0.800000,1.000000,1.000000,1.000000
DivRank.AU_07,61,0.315885,0.340462,0.349989,0.352831,0.467742,0.484274,0.493720,0.497450,0.354695,0.414727,0.446272,0.461254,0.497116,0.536514,0.564052,0.581639,0.294415,0.454097,0.063700,0.240000,0.260000,0.280000,0.260000,0.600000,0.800000,0.800000,0.800000
DivRank.AU_07,63,0.280182,0.283574,0.294733,0.303780,0.410097,0.399555,0.410752,0.423110,0.312873,0.319376,0.353661,0.395655,0.439630,0.415511,0.445926,0.497667,0.258630,0.386372,0.063014,0.200000,0.200000,0.210000,0.213333,0.600000,0.600000,0.800000,1.000000
DivRank.AU_07,64,0.265658,0.312779,0.332315,0.338923,0.469017,0.517385,0.543574,0.554093,0.287396,0.394656,0.459760,0.491590,0.461055,0.560912,0.634590,0.677141,0.257155,0.478516,0.075351,0.200000,0.220000,0.240000,0.260000,0.400000,0.800000,1.000000,1.000000
DivRank.AU_07,65,0.449017,0.489859,0.504684,0.508559,0.626689,0.660287,0.675686,0.680685,0.477783,0.561731,0.611910,0.631928,0.636247,0.697777,0.745777,0.769283,0.430559,0.613188,0.060554,0.280000,0.260000,0.260000,0.246667,0.800000,1.000000,1.000000,1.000000
DivRank.AU_07,67,0.315885,0.352672,0.357518,0.360805,0.449612,0.483717,0.487505,0.491862,0.354695,0.438569,0.456070,0.473027,0.478752,0.549886,0.562499,0.582800,0.296016,0.434602,0.059933,0.240000,0.300000,0.270000,0.253333,0.600000,0.800000,0.800000,0.800000
DivRank.AU_07,68,0.286233,0.342251,0.361896,0.364747,0.416373,0.478549,0.501914,0.505580,0.313955,0.430568,0.502980,0.516137,0.434764,0.550860,0.628855,0.643782,0.278532,0.417503,0.088155,0.280000,0.280000,0.290000,0.260000,0.400000,0.800000,1.000000,1.000000
DivRank.AU_07,71,0.287141,0.326032,0.340649,0.351843,0.408699,0.448425,0.465055,0.480188,0.308577,0.388801,0.438734,0.494555,0.416503,0.490506,0.541949,0.610124,0.285348,0.418992,0.086795,0.280000,0.280000,0.260000,0.266667,0.400000,0.600000,0.800000,1.000000
DivRank.AU_07,72,0.341301,0.363107,0.376083,0.385344,0.484536,0.497499,0.511703,0.524174,0.395795,0.442266,0.489512,0.533225,0.533189,0.555247,0.602702,0.655854,0.307387,0.449781,0.051540,0.240000,0.240000,0.220000,0.246667,0.800000,0.800000,1.000000,1.000000
DivRank.AU_07,74,0.525567,0.546262,0.554954,0.555456,0.733840,0.740411,0.748806,0.749305,0.548205,0.591892,0.620457,0.623046,0.719291,0.733215,0.758907,0.761322,0.526608,0.765591,0.076615,0.400000,0.360000,0.300000,0.286667,0.800000,0.800000,0.800000,0.800000
DivRank.AU_07,75,0.459909,0.481628,0.493527,0.497467,0.654608,0.660590,0.673051,0.678208,0.515040,0.561254,0.598377,0.618832,0.695179,0.703712,0.738187,0.762413,0.408599,0.599894,0.080200,0.320000,0.260000,0.240000,0.260000,1.000000,1.000000,1.000000,1.000000
DivRank.AU_07,76,0.254766,0.313371,0.327882,0.328133,0.366087,0.434364,0.451950,0.452252,0.268289,0.404691,0.450367,0.451488,0.366404,0.514507,0.563846,0.565021,0.253428,0.375332,0.061573,0.200000,0.260000,0.270000,0.266667,0.400000,0.800000,0.800000,0.800000
DivRank.AU_07,77,0.436914,0.460261,0.483220,0.485659,0.642349,0.648075,0.673650,0.676781,0.453478,0.507267,0.578176,0.588762,0.639251,0.655263,0.725910,0.738008,0.426470,0.641308,0.076474,0.280000,0.240000,0.260000,0.253333,0.600000,0.800000,1.000000,1.000000
DivRank.AU_07,78,0.419970,0.443513,0.456051,0.459013,0.610915,0.619772,0.632087,0.635993,0.483461,0.533865,0.576876,0.591412,0.669495,0.682677,0.720695,0.737903,0.391984,0.587415,0.088001,0.280000,0.280000,0.250000,0.246667,1.000000,1.000000,1.000000,1.000000
DivRank.AU_07,79,0.233585,0.268238,0.276461,0.278536,0.352190,0.385695,0.394882,0.397790,0.252819,0.328127,0.353329,0.363847,0.362702,0.428701,0.453294,0.466528,0.220802,0.345122,0.044850,0.200000,0.240000,0.240000,0.240000,0.400000,0.600000,0.600000,0.600000
DivRank.AU_07,80,0.200000,0.234894,0.273450,0.278912,0.303211,0.341807,0.393083,0.400389,0.200000,0.280605,0.399503,0.426693,0.289573,0.374047,0.514067,0.545978,0.202850,0.318021,0.051758,0.200000,0.200000,0.220000,0.226667,0.200000,0.600000,1.000000,1.000000
DivRank.AU_07,81,0.236309,0.252104,0.267870,0.275324,0.343750,0.352501,0.371454,0.381678,0.256725,0.295087,0.350392,0.384039,0.355512,0.377529,0.437875,0.479353,0.219410,0.328882,0.052883,0.240000,0.240000,0.240000,0.233333,0.400000,0.600000,0.800000,1.000000
DivRank.AU_07,83,0.313464,0.340519,0.365380,0.368666,0.445017,0.466552,0.497188,0.501529,0.359982,0.416886,0.493243,0.509759,0.484943,0.523383,0.607449,0.627110,0.285022,0.417055,0.047219,0.200000,0.200000,0.230000,0.233333,0.800000,0.800000,1.000000,1.000000
DivRank.AU_07,84,0.269894,0.340260,0.351491,0.352161,0.368139,0.452792,0.465335,0.466086,0.309544,0.471717,0.508788,0.512244,0.398775,0.578624,0.614967,0.618399,0.241194,0.339113,0.071378,0.240000,0.320000,0.320000,0.293333,0.600000,1.000000,1.000000,1.000000
DivRank.AU_07,85,0.386082,0.427034,0.440327,0.446049,0.561620,0.596261,0.610190,0.617876,0.443082,0.531889,0.571980,0.597628,0.613578,0.678366,0.714106,0.744907,0.360956,0.541022,0.091421,0.240000,0.240000,0.230000,0.253333,1.000000,1.000000,1.000000,1.000000
DivRank.AU_07,86,0.342511,0.378094,0.395058,0.398440,0.604701,0.628265,0.648369,0.653454,0.410934,0.488872,0.542589,0.558280,0.659241,0.699569,0.751224,0.770830,0.294577,0.548791,0.051268,0.240000,0.220000,0.210000,0.213333,1.000000,1.000000,1.000000,1.000000
DivRank.AU_07,87,0.376399,0.395550,0.411550,0.416686,0.664530,0.653328,0.672771,0.680892,0.444347,0.482176,0.532510,0.556996,0.712844,0.683023,0.734076,0.766637,0.333875,0.621265,0.059856,0.280000,0.260000,0.230000,0.233333,1.000000,1.000000,1.000000,1.000000
DivRank.AU_07,88,0.272617,0.299970,0.311471,0.319805,0.396916,0.421032,0.432594,0.443687,0.283100,0.344091,0.381286,0.417202,0.394267,0.445428,0.478756,0.521487,0.277527,0.413832,0.051829,0.240000,0.260000,0.260000,0.260000,0.400000,0.600000,0.600000,0.800000
DivRank.AU_07,89,0.255371,0.322949,0.326878,0.326983,0.358844,0.440542,0.443362,0.443361,0.280217,0.422190,0.434127,0.434612,0.371121,0.527172,0.533435,0.533310,0.245590,0.358457,0.059566,0.200000,0.280000,0.270000,0.253333,0.400000,0.800000,0.800000,0.800000
DivRank.AU_07,91,0.329198,0.373184,0.385368,0.386161,0.462585,0.507769,0.521718,0.522672,0.386665,0.484644,0.523648,0.527426,0.512101,0.602729,0.642130,0.646146,0.290816,0.424151,0.057201,0.240000,0.260000,0.260000,0.253333,0.800000,1.000000,1.000000,1.000000
DivRank.AU_07,92,0.418154,0.460311,0.477347,0.483174,0.593133,0.631057,0.650607,0.658343,0.428362,0.524636,0.576037,0.605121,0.573902,0.657542,0.710125,0.745016,0.412540,0.606721,0.065811,0.280000,0.300000,0.260000,0.253333,0.600000,1.000000,1.000000,1.000000
DivRank.AU_07,93,0.298033,0.302615,0.302684,0.308696,0.420940,0.414880,0.413021,0.421182,0.324201,0.333222,0.333434,0.361412,0.433026,0.419610,0.414429,0.449015,0.287500,0.420266,0.081728,0.320000,0.360000,0.310000,0.300000,0.400000,0.400000,0.400000,0.600000
DivRank.AU_07,94,0.327988,0.349437,0.374253,0.382386,0.485663,0.495592,0.526751,0.537966,0.363317,0.407483,0.489189,0.527622,0.509200,0.524841,0.616817,0.664087,0.315047,0.485502,0.054229,0.240000,0.240000,0.240000,0.240000,0.600000,0.600000,1.000000,1.000000
DivRank.AU_07,95,0.383661,0.401183,0.414732,0.416142,0.524617,0.534969,0.549848,0.551548,0.441911,0.477986,0.519054,0.526139,0.571645,0.588140,0.628196,0.635951,0.354172,0.498358,0.066388,0.280000,0.240000,0.250000,0.266667,0.800000,0.800000,0.800000,0.800000
DivRank.AU_07,96,0.443570,0.455310,0.460852,0.471178,0.634632,0.627121,0.630328,0.644327,0.454288,0.476709,0.493688,0.539918,0.618496,0.601487,0.610734,0.667393,0.442209,0.650325,0.067932,0.320000,0.280000,0.260000,0.260000,0.600000,0.600000,0.600000,0.800000
DivRank.AU_07,97,0.236309,0.291576,0.312266,0.313248,0.344053,0.409250,0.433698,0.434590,0.256725,0.379632,0.450277,0.455015,0.357535,0.491437,0.565384,0.568752,0.224225,0.334351,0.045944,0.240000,0.240000,0.240000,0.246667,0.400000,0.800000,1.000000,1.000000
DivRank.AU_07,98,0.346142,0.390605,0.402893,0.403337,0.465041,0.511970,0.526427,0.526960,0.413820,0.508309,0.544886,0.546927,0.523666,0.613169,0.651554,0.653748,0.300652,0.416720,0.059916,0.240000,0.300000,0.310000,0.273333,1.000000,1.000000,1.000000,1.000000
DivRank.AU_07,99,0.436006,0.475132,0.494285,0.497437,0.623810,0.655328,0.676750,0.680624,0.443174,0.522821,0.586841,0.601634,0.603363,0.661710,0.727425,0.743744,0.440604,0.647998,0.075624,0.320000,0.340000,0.290000,0.273333,0.600000,0.800000,1.000000,1.000000
DivRank.AU_07,101,0.435098,0.448162,0.474555,0.485820,0.617698,0.614119,0.646115,0.661249,0.452035,0.480377,0.559576,0.611256,0.608951,0.603168,0.689848,0.752602,0.423889,0.620272,0.095511,0.280000,0.240000,0.270000,0.266667,0.600000,0.600000,0.800000,1.000000
DivRank.AU_07,102,0.454463,0.495955,0.510539,0.511633,0.627926,0.665670,0.682984,0.684405,0.473396,0.566934,0.613277,0.618167,0.613589,0.694863,0.744833,0.750582,0.446859,0.643088,0.081148,0.320000,0.360000,0.350000,0.360000,0.600000,0.800000,1.000000,1.000000
DivRank.AU_07,104,0.254766,0.265839,0.287042,0.287760,0.485023,0.479373,0.512110,0.513259,0.268289,0.291445,0.355807,0.358949,0.464113,0.455575,0.540670,0.544911,0.251276,0.511016,0.067088,0.200000,0.200000,0.210000,0.220000,0.400000,0.400000,0.600000,0.600000
DivRank.AU_07,105,0.290772,0.294688,0.296153,0.312285,0.397107,0.390294,0.390803,0.412055,0.311463,0.320224,0.325883,0.402838,0.402525,0.389637,0.392508,0.485018,0.284668,0.399520,0.066516,0.280000,0.260000,0.230000,0.246667,0.400000,0.400000,0.400000,0.800000
DivRank.AU_07,106,0.497428,0.513112,0.541467,0.544909,0.687291,0.688699,0.724373,0.728925,0.527956,0.560706,0.649261,0.665010,0.684307,0.687230,0.788583,0.807473,0.483177,0.695354,0.075451,0.320000,0.320000,0.310000,0.333333,0.800000,0.800000,1.000000,1.000000
DivRank.AU_07,107,0.327988,0.359249,0.368833,0.370434,0.483497,0.508011,0.517096,0.519262,0.385458,0.448954,0.476979,0.485470,0.544473,0.582995,0.604890,0.615285,0.290910,0.439112,0.057059,0.240000,0.260000,0.270000,0.273333,0.800000,0.800000,0.800000,0.800000
DivRank.AU_07,108,0.314070,0.347934,0.368559,0.375374,0.456866,0.485815,0.510737,0.519980,0.353252,0.420185,0.489742,0.521457,0.489182,0.535900,0.611434,0.650003,0.296707,0.444722,0.073581,0.240000,0.240000,0.230000,0.253333,0.600000,0.800000,1.000000,1.000000
DivRank.AU_07,109,0.345234,0.356805,0.382801,0.385803,0.490120,0.488865,0.520883,0.524819,0.331711,0.359601,0.446968,0.460788,0.446859,0.451464,0.550448,0.566806,0.350708,0.513170,0.060078,0.240000,0.220000,0.230000,0.233333,0.400000,0.400000,0.800000,0.800000
DivRank.AU_07,110,0.426021,0.474757,0.484931,0.486202,0.572358,0.623314,0.634265,0.635862,0.487518,0.592223,0.627080,0.632998,0.616927,0.716386,0.750523,0.757283,0.404256,0.560542,0.073407,0.320000,0.320000,0.310000,0.293333,0.800000,1.000000,1.000000,1.000000
DivRank.AU_07,112,0.298941,0.351233,0.376077,0.377799,0.450730,0.506565,0.536950,0.539076,0.334505,0.456026,0.535098,0.543158,0.479893,0.598491,0.682419,0.690955,0.280417,0.438687,0.052179,0.200000,0.220000,0.240000,0.226667,0.600000,1.000000,1.000000,1.000000
DivRank.AU_07,113,0.473222,0.501282,0.513368,0.516662,0.677056,0.691395,0.702506,0.706718,0.517169,0.578470,0.617310,0.634244,0.704105,0.732143,0.764145,0.783726,0.439118,0.645811,0.068101,0.280000,0.240000,0.280000,0.266667,1.000000,1.000000,1.000000,1.000000
DivRank.AU_07,114,0.451437,0.468329,0.498059,0.502655,0.797009,0.777294,0.817236,0.823952,0.467630,0.506614,0.602357,0.623754,0.750195,0.724300,0.835158,0.861433,0.443557,0.825793,0.066151,0.280000,0.240000,0.260000,0.293333,0.800000,0.800000,1.000000,1.000000
DivRank.AU_07,115,0.449017,0.482551,0.489077,0.494245,0.677935,0.697887,0.699548,0.706420,0.462100,0.537423,0.560733,0.588048,0.665296,0.710218,0.717939,0.750644,0.446144,0.697307,0.067367,0.280000,0.300000,0.290000,0.266667,0.600000,0.800000,0.800000,1.000000
DivRank.AU_07,116,0.327383,0.372061,0.386396,0.387375,0.460034,0.506551,0.523220,0.524413,0.351389,0.452923,0.497703,0.502134,0.465382,0.564103,0.610486,0.615279,0.328372,0.478932,0.062207,0.240000,0.260000,0.280000,0.273333,0.600000,0.800000,0.800000,0.800000
DivRank.AU_07,117,0.364297,0.393199,0.398907,0.408593,0.439737,0.464655,0.469557,0.480859,0.427008,0.488827,0.506416,0.553124,0.506304,0.554509,0.567842,0.619651,0.327066,0.399605,0.065914,0.320000,0.300000,0.270000,0.280000,0.800000,0.800000,0.800000,1.000000
DivRank.AU_07,118,0.248411,0.295929,0.313831,0.314415,0.298871,0.349445,0.369020,0.369611,0.265855,0.369757,0.429123,0.431773,0.313772,0.419689,0.480921,0.483353,0.241927,0.295033,0.061890,0.240000,0.280000,0.260000,0.240000,0.400000,0.600000,0.800000,0.800000
DivRank.AU_07,119,0.346142,0.385337,0.406690,0.410565,0.503521,0.538040,0.563493,0.568671,0.391680,0.474722,0.538991,0.558515,0.542397,0.605455,0.672696,0.696087,0.326238,0.488984,0.064551,0.240000,0.260000,0.300000,0.293333,0.800000,0.800000,1.000000,1.000000
DivRank.AU_07,120,0.301967,0.339410,0.362735,0.367946,0.533120,0.564244,0.595852,0.604218,0.344121,0.426019,0.507027,0.530408,0.552056,0.610509,0.704334,0.735900,0.275639,0.513471,0.114514,0.240000,0.240000,0.230000,0.240000,0.600000,0.800000,1.000000,1.000000
DivRank.AU_07,121,0.302572,0.335645,0.347235,0.353387,0.430663,0.460934,0.473935,0.482256,0.373831,0.452761,0.487173,0.515378,0.504581,0.569356,0.602133,0.636583,0.241218,0.354159,0.067191,0.280000,0.280000,0.280000,0.266667,0.800000,1.000000,1.000000,1.000000
DivRank.AU_07,122,0.378820,0.398685,0.425322,0.428028,0.568574,0.571530,0.603608,0.607142,0.430344,0.470936,0.561402,0.573627,0.615371,0.614743,0.712496,0.726515,0.357166,0.554360,0.060284,0.280000,0.240000,0.240000,0.253333,0.800000,0.800000,1.000000,1.000000
DivRank.AU_07,123,0.412708,0.455691,0.467144,0.474207,0.561317,0.602143,0.614528,0.623687,0.420550,0.508506,0.544799,0.579684,0.541908,0.619345,0.655241,0.696577,0.412354,0.574980,0.056277,0.240000,0.260000,0.270000,0.266667,0.600000,0.800000,0.800000,1.000000
DivRank.AU_07,124,0.307413,0.337413,0.359253,0.362647,0.453167,0.475498,0.501291,0.505773,0.355416,0.419619,0.491173,0.507683,0.502038,0.541740,0.616710,0.636122,0.275637,0.415720,0.057768,0.200000,0.200000,0.200000,0.226667,0.800000,0.800000,1.000000,1.000000
DivRank.AU_07,125,0.255371,0.294175,0.312429,0.314447,0.378136,0.417217,0.439849,0.442609,0.280217,0.373765,0.429571,0.440049,0.392733,0.481411,0.542133,0.554939,0.239063,0.368407,0.051177,0.200000,0.220000,0.230000,0.233333,0.400000,0.800000,0.800000,0.800000
DivRank.AU_07,127,0.320726,0.378477,0.391116,0.394999,0.447635,0.510533,0.523918,0.528926,0.372720,0.495397,0.535489,0.553905,0.496338,0.616351,0.653282,0.674708,0.290549,0.413806,0.061907,0.240000,0.300000,0.280000,0.266667,0.800000,1.000000,1.000000,1.000000
DivRank.AU_07,128,0.307413,0.363887,0.367398,0.377152,0.447577,0.508062,0.508218,0.521458,0.355416,0.477453,0.489171,0.534743,0.494980,0.611643,0.610429,0.665966,0.278153,0.414490,0.052326,0.200000,0.260000,0.250000,0.253333,0.800000,1.000000,1.000000,1.000000
DivRank.AU_07,129,0.254766,0.300039,0.315497,0.316101,0.359829,0.411415,0.429659,0.430471,0.268289,0.367981,0.418280,0.421034,0.358346,0.463441,0.516908,0.520258,0.254255,0.371692,0.049260,0.200000,0.240000,0.250000,0.266667,0.400000,0.600000,0.800000,0.800000
DivRank.AU_07,130,0.333434,0.364728,0.382274,0.390049,0.644822,0.658367,0.673976,0.686255,0.371129,0.432936,0.490718,0.525433,0.659355,0.673834,0.717195,0.761841,0.320870,0.654407,0.068939,0.280000,0.260000,0.230000,0.226667,0.600000,0.800000,0.800000,1.000000
DivRank.AU_07,131,0.327383,0.359335,0.370574,0.374912,0.476652,0.502057,0.512903,0.518582,0.392188,0.460173,0.494897,0.515636,0.546191,0.590431,0.618240,0.642475,0.280203,0.417558,0.055398,0.280000,0.240000,0.220000,0.220000,0.800000,1.000000,1.000000,1.000000
DivRank.AU_07,132,0.272920,0.326445,0.336412,0.342386,0.506173,0.566370,0.575471,0.584990,0.296652,0.419272,0.450951,0.478229,0.497758,0.620592,0.642843,0.678644,0.263156,0.522077,0.088858,0.240000,0.240000,0.240000,0.233333,0.400000,1.000000,1.000000,1.000000
DivRank.AU_07,134,0.352799,0.373190,0.374962,0.379253,0.513204,0.523495,0.521151,0.526797,0.395973,0.438082,0.443280,0.464009,0.548342,0.564479,0.556303,0.580872,0.336122,0.503903,0.071708,0.240000,0.240000,0.230000,0.233333,0.800000,0.800000,0.800000,0.800000
DivRank.AU_07,137,0.289259,0.304698,0.336130,0.347034,0.395041,0.403860,0.443807,0.458123,0.327054,0.359897,0.454794,0.505558,0.422674,0.438599,0.548253,0.608996,0.264740,0.371575,0.047981,0.200000,0.220000,0.210000,0.240000,0.600000,0.600000,0.800000,1.000000
DivRank.AU_07,139,0.436914,0.449389,0.461065,0.475721,0.620275,0.618687,0.629922,0.649464,0.453478,0.481255,0.522458,0.589504,0.610895,0.609264,0.647037,0.727802,0.425921,0.623855,0.069198,0.280000,0.240000,0.250000,0.266667,0.600000,0.600000,0.800000,1.000000
DivRank.AU_07,140,0.336460,0.360777,0.374485,0.382583,0.489437,0.504542,0.519384,0.530327,0.373412,0.429137,0.473558,0.509244,0.517100,0.549112,0.592069,0.635248,0.322101,0.482833,0.060069,0.280000,0.280000,0.250000,0.260000,0.600000,0.800000,0.800000,1.000000
DivRank.AU_07,141,0.344327,0.388282,0.406767,0.407983,0.486325,0.530462,0.552433,0.553905,0.393720,0.488357,0.546529,0.552356,0.525881,0.610812,0.672235,0.678486,0.320375,0.468084,0.060779,0.280000,0.280000,0.300000,0.286667,0.800000,1.000000,1.000000,1.000000
DivRank.AU_07,143,0.267474,0.303413,0.310335,0.318673,0.369874,0.407817,0.414258,0.425142,0.288839,0.374223,0.400925,0.440706,0.380256,0.465166,0.488608,0.535792,0.257716,0.364369,0.068221,0.200000,0.240000,0.230000,0.220000,0.400000,0.800000,0.800000,1.000000
DivRank.AU_07,144,0.271104,0.275954,0.320591,0.323372,0.403604,0.393871,0.453563,0.457273,0.303050,0.312575,0.447752,0.461444,0.428559,0.406500,0.568046,0.584233,0.248538,0.383873,0.078543,0.280000,0.280000,0.310000,0.300000,0.400000,0.400000,1.000000,1.000000
DivRank.AU_07,145,0.321029,0.346624,0.384237,0.387062,0.484033,0.501172,0.549521,0.552942,0.348956,0.407072,0.526797,0.539911,0.500624,0.537662,0.674367,0.687972,0.314623,0.492077,0.066601,0.280000,0.240000,0.280000,0.273333,0.600000,0.600000,1.000000,1.000000
DivRank.AU_07,146,0.449319,0.460909,0.473268,0.477692,0.634615,0.628866,0.642171,0.648031,0.460477,0.486339,0.528204,0.551485,0.615047,0.606760,0.648885,0.676871,0.447254,0.653351,0.081995,0.360000,0.300000,0.300000,0.293333,0.600000,0.600000,0.800000,0.800000
DivRank.AU_07,147,0.342511,0.385451,0.396315,0.399148,0.495405,0.536351,0.546607,0.550254,0.410934,0.504786,0.539602,0.554120,0.566703,0.644496,0.671868,0.688615,0.295254,0.438632,0.080632,0.240000,0.240000,0.270000,0.260000,1.000000,1.000000,1.000000,1.000000
DivRank.AU_07,148,0.327988,0.336222,0.344071,0.345475,0.473776,0.467792,0.474523,0.476151,0.363317,0.379976,0.404432,0.411810,0.500538,0.485515,0.504037,0.511852,0.313116,0.464521,0.059068,0.240000,0.240000,0.230000,0.240000,0.600000,0.600000,0.600000,0.600000
DivRank.AU_07,150,0.250832,0.299029,0.320350,0.321468,0.346862,0.401924,0.427392,0.428708,0.282201,0.386247,0.458811,0.464042,0.371517,0.480112,0.558376,0.563767,0.229562,0.324562,0.050224,0.280000,0.260000,0.260000,0.253333,0.400000,0.800000,1.000000,1.000000
DivRank.AU_07,151,0.303177,0.347200,0.349358,0.349669,0.409314,0.457013,0.457864,0.458164,0.334145,0.435568,0.443619,0.445274,0.426277,0.528976,0.532129,0.533591,0.290279,0.402921,0.047589,0.240000,0.280000,0.250000,0.233333,0.600000,0.800000,0.800000,0.800000
DivRank.AU_07,152,0.291679,0.323464,0.326290,0.330701,0.411966,0.443556,0.444070,0.449910,0.336942,0.411705,0.420439,0.441332,0.450044,0.518271,0.518109,0.543039,0.257774,0.376927,0.059043,0.240000,0.260000,0.260000,0.266667,0.600000,0.800000,0.800000,0.800000
DivRank.AU_07,153,0.415129,0.431436,0.458256,0.462968,0.566942,0.572461,0.605362,0.611448,0.426080,0.461853,0.556621,0.579985,0.550652,0.564152,0.671443,0.698967,0.406214,0.570176,0.065957,0.280000,0.260000,0.260000,0.260000,0.600000,0.600000,1.000000,1.000000
DivRank.AU_07,154,0.265658,0.309007,0.327936,0.337684,0.371719,0.418904,0.441059,0.453997,0.287396,0.388141,0.451618,0.496617,0.383452,0.485716,0.552616,0.606720,0.256441,0.366718,0.051313,0.200000,0.240000,0.260000,0.260000,0.400000,0.800000,0.800000,1.000000
DivRank.AU_07,155,0.265356,0.304716,0.339341,0.341477,0.386004,0.425279,0.469854,0.472681,0.307677,0.388180,0.497179,0.506985,0.426071,0.494898,0.619922,0.631434,0.234217,0.350980,0.061393,0.280000,0.280000,0.290000,0.286667,0.600000,0.800000,1.000000,1.000000
DivRank.AU_07,156,0.298941,0.342044,0.364591,0.364947,0.410811,0.457740,0.484607,0.484910,0.334505,0.429252,0.502981,0.504846,0.436302,0.530844,0.610090,0.611455,0.281121,0.396198,0.052452,0.200000,0.260000,0.290000,0.273333,0.600000,0.800000,1.000000,1.000000
DivRank.AU_07,157,0.329198,0.369302,0.386442,0.391042,0.476149,0.514030,0.533042,0.539126,0.371490,0.462399,0.522440,0.543835,0.512307,0.590667,0.650518,0.675807,0.308312,0.458061,0.063653,0.280000,0.260000,0.260000,0.260000,0.600000,1.000000,1.000000,1.000000
DivRank.AU_07,158,0.350378,0.374036,0.397243,0.401497,0.618590,0.617793,0.649374,0.656090,0.409977,0.460231,0.530531,0.551917,0.657704,0.651937,0.731337,0.759755,0.312742,0.581942,0.057566,0.280000,0.260000,0.260000,0.260000,0.800000,0.800000,1.000000,1.000000
DivRank.AU_07,161,0.485325,0.526503,0.539460,0.544723,0.689300,0.724760,0.737342,0.744268,0.503651,0.587777,0.629790,0.653004,0.675422,0.741035,0.778253,0.805732,0.487083,0.718053,0.068758,0.280000,0.260000,0.250000,0.260000,0.800000,1.000000,1.000000,1.000000
DivRank.AU_07,162,0.304387,0.344631,0.372374,0.377275,0.537393,0.570075,0.609162,0.616859,0.345800,0.427757,0.516095,0.539464,0.554750,0.607959,0.712371,0.743114,0.283249,0.527076,0.059905,0.240000,0.240000,0.230000,0.246667,0.600000,0.800000,1.000000,1.000000
DivRank.AU_07,163,0.334039,0.371631,0.392090,0.395358,0.469388,0.505569,0.530663,0.534988,0.375216,0.461443,0.521553,0.536323,0.496938,0.573792,0.639257,0.656863,0.315452,0.460059,0.067632,0.280000,0.300000,0.280000,0.273333,0.600000,0.800000,1.000000,1.000000
DivRank.AU_07,164,0.233585,0.264202,0.302169,0.303288,0.328231,0.359483,0.409003,0.410451,0.252819,0.318411,0.442078,0.447420,0.334835,0.395992,0.541863,0.548039,0.220241,0.321218,0.052279,0.200000,0.220000,0.250000,0.253333,0.400000,0.600000,1.000000,1.000000
DivRank.AU_07,165,0.280787,0.306520,0.326217,0.331581,0.423358,0.440026,0.464331,0.471826,0.328651,0.385811,0.448642,0.475761,0.471494,0.502383,0.570394,0.604149,0.241351,0.377196,0.052510,0.240000,0.240000,0.270000,0.253333,0.600000,0.800000,0.800000,1.000000
DivRank.AU_07,166,0.352194,0.369312,0.388626,0.393643,0.512324,0.515665,0.538701,0.545359,0.411420,0.450380,0.505960,0.527907,0.569732,0.574410,0.632272,0.658208,0.313520,0.469923,0.071302,0.280000,0.260000,0.260000,0.253333,0.800000,0.800000,1.000000,1.000000
DivRank.AU_07,167,0.393949,0.411992,0.437928,0.439365,0.556410,0.561701,0.593839,0.595625,0.445607,0.485638,0.562814,0.569252,0.595185,0.605511,0.691148,0.698267,0.373491,0.545387,0.063362,0.320000,0.260000,0.300000,0.306667,0.800000,0.800000,1.000000,1.000000
DivRank.AU_07,170,0.254766,0.306945,0.335693,0.340655,0.357993,0.417733,0.454549,0.461171,0.268289,0.377271,0.466712,0.490460,0.355324,0.469279,0.572347,0.600943,0.256878,0.374693,0.052671,0.200000,0.200000,0.240000,0.240000,0.400000,0.800000,1.000000,1.000000
DivRank.AU_07,171,0.315885,0.329904,0.359402,0.363987,0.557692,0.550365,0.591229,0.598314,0.354695,0.388297,0.486841,0.509151,0.569019,0.559206,0.675452,0.704325,0.294114,0.548464,0.059569,0.240000,0.220000,0.240000,0.233333,0.600000,0.600000,1.000000,1.000000
DivRank.AU_07,172,0.298941,0.329147,0.342153,0.343520,0.434859,0.460597,0.474963,0.476501,0.334505,0.403729,0.448003,0.454657,0.463222,0.517378,0.561089,0.567632,0.279126,0.418422,0.070173,0.200000,0.220000,0.230000,0.226667,0.600000,0.800000,0.800000,0.800000
DivRank.AU_07,174,0.349773,0.381837,0.401440,0.404275,0.503046,0.529045,0.551186,0.554797,0.401532,0.468765,0.539502,0.552365,0.551452,0.597247,0.669841,0.684366,0.323132,0.476069,0.065345,0.240000,0.240000,0.260000,0.260000,0.800000,0.800000,1.000000,1.000000
DivRank.AU_07,175,0.259002,0.269634,0.283020,0.286674,0.397770,0.394957,0.411743,0.417001,0.297402,0.322601,0.367619,0.384343,0.436985,0.431000,0.482013,0.503661,0.225967,0.358696,0.053330,0.200000,0.200000,0.200000,0.206667,0.600000,0.600000,0.800000,0.800000
DivRank.AU_07,179,0.395159,0.429689,0.441824,0.443239,0.548739,0.578952,0.592687,0.594487,0.472946,0.545566,0.582028,0.588597,0.618109,0.672674,0.708805,0.716314,0.346872,0.499898,0.078551,0.320000,0.320000,0.290000,0.273333,1.000000,1.000000,1.000000,1.000000
DivRank.AU_07,180,0.291074,0.303226,0.305649,0.321270,0.397521,0.402370,0.403806,0.424352,0.325014,0.354514,0.361533,0.433161,0.420038,0.433062,0.436174,0.522108,0.269130,0.377766,0.049646,0.240000,0.220000,0.220000,0.233333,0.600000,0.600000,0.600000,1.000000
DivRank.AU_07,181,0.317095,0.359500,0.384530,0.388596,0.435216,0.479827,0.510154,0.515395,0.362868,0.450503,0.531760,0.550853,0.472851,0.555043,0.643976,0.666269,0.292310,0.411213,0.053558,0.200000,0.220000,0.230000,0.220000,0.800000,0.800000,1.000000,1.000000
DivRank.AU_07,182,0.227231,0.254755,0.279488,0.290211,0.330546,0.356273,0.387733,0.402305,0.247768,0.310363,0.381374,0.429978,0.343108,0.397522,0.477397,0.536547,0.211821,0.317442,0.068802,0.200000,0.220000,0.230000,0.240000,0.400000,0.600000,0.800000,1.000000
DivRank.AU_07,183,0.354312,0.372264,0.384908,0.391577,0.504307,0.511968,0.525487,0.534414,0.415956,0.452911,0.490166,0.520275,0.561439,0.571068,0.605383,0.641695,0.314727,0.462176,0.086692,0.320000,0.280000,0.280000,0.273333,0.800000,0.800000,0.800000,1.000000
DivRank.AU_07,185,0.410893,0.422786,0.442841,0.443724,0.622936,0.615674,0.638083,0.638971,0.419107,0.443220,0.504698,0.508607,0.606810,0.591396,0.653460,0.656904,0.405498,0.635920,0.079385,0.240000,0.260000,0.260000,0.240000,0.600000,0.600000,0.800000,0.800000
DivRank.AU_07,187,0.363691,0.383167,0.397980,0.401712,0.517657,0.528028,0.544256,0.548951,0.408114,0.449933,0.504255,0.521702,0.550855,0.569929,0.624834,0.644444,0.346262,0.508500,0.064135,0.280000,0.280000,0.270000,0.266667,0.800000,0.800000,1.000000,1.000000
DivRank.AU_07,188,0.296520,0.323027,0.335977,0.338898,0.431338,0.451038,0.465490,0.469380,0.339792,0.401630,0.439626,0.453545,0.470543,0.512235,0.548607,0.565192,0.267327,0.400684,0.050367,0.240000,0.260000,0.250000,0.246667,0.600000,0.800000,0.800000,0.800000
DivRank.AU_07,190,0.421785,0.457076,0.475507,0.476182,0.580350,0.612447,0.633219,0.633930,0.469221,0.542644,0.601559,0.604521,0.612592,0.671848,0.731857,0.734551,0.415723,0.586843,0.094875,0.320000,0.280000,0.270000,0.260000,0.800000,1.000000,1.000000,1.000000
DivRank.AU_07,193,0.429652,0.476411,0.490793,0.494390,0.603741,0.649884,0.665464,0.670193,0.462881,0.562337,0.610658,0.627193,0.613042,0.702167,0.749741,0.769332,0.401939,0.586658,0.069431,0.280000,0.320000,0.320000,0.306667,0.800000,1.000000,1.000000,1.000000
DivRank.AU_07,195,0.288048,0.303151,0.305214,0.306756,0.406838,0.415295,0.415079,0.417024,0.307557,0.346209,0.354010,0.360745,0.410795,0.435261,0.435987,0.443609,0.283105,0.413815,0.051069,0.240000,0.220000,0.210000,0.226667,0.400000,0.600000,0.600000,0.600000
DivRank.AU_07,198,0.227231,0.254311,0.257150,0.266840,0.330546,0.355649,0.356615,0.369880,0.247768,0.310167,0.318866,0.365410,0.343108,0.396882,0.398455,0.455739,0.210446,0.315463,0.050744,0.200000,0.220000,0.220000,0.240000,0.400000,0.600000,0.600000,0.800000
DivRank.AU_07,199,0.496823,0.529157,0.549005,0.552973,0.866034,0.872273,0.895976,0.902028,0.516028,0.581079,0.646547,0.664931,0.811259,0.821963,0.890565,0.914226,0.499094,0.926684,0.066299,0.320000,0.280000,0.270000,0.260000,0.800000,1.000000,1.000000,1.000000
DivRank.AU_07,200,0.466566,0.505989,0.521495,0.523848,0.690860,0.718568,0.734683,0.737771,0.494218,0.583980,0.634033,0.644965,0.692662,0.752972,0.799478,0.812247,0.450607,0.694926,0.066576,0.320000,0.300000,0.270000,0.266667,0.800000,1.000000,1.000000,1.000000
DivRank.AU_07,202,0.374281,0.442849,0.458790,0.461434,0.536892,0.612085,0.628663,0.631983,0.382664,0.526334,0.580582,0.592832,0.523250,0.668444,0.719511,0.733239,0.368378,0.542136,0.066988,0.280000,0.340000,0.310000,0.286667,0.600000,1.000000,1.000000,1.000000
DivRank.AU_07,203,0.327988,0.331068,0.333128,0.340330,0.485663,0.470829,0.469830,0.479743,0.363317,0.369147,0.376940,0.409001,0.509200,0.477476,0.476371,0.515813,0.312500,0.481962,0.086453,0.240000,0.220000,0.210000,0.213333,0.600000,0.600000,0.600000,0.800000
DivRank.AU_07,206,0.254766,0.322940,0.340853,0.345634,0.353782,0.436488,0.458249,0.464554,0.268289,0.428915,0.484322,0.507198,0.350636,0.531471,0.591196,0.618432,0.254455,0.367051,0.061065,0.200000,0.260000,0.270000,0.286667,0.400000,1.000000,1.000000,1.000000
DivRank.AU_07,208,0.462935,0.489183,0.493614,0.499726,0.685484,0.696261,0.696528,0.704681,0.491332,0.544904,0.559361,0.590805,0.688617,0.705990,0.707472,0.745178,0.445970,0.687858,0.069152,0.320000,0.300000,0.280000,0.273333,0.800000,0.800000,0.800000,1.000000
DivRank.AU_07,209,0.487443,0.531505,0.542078,0.544631,0.709067,0.743770,0.752488,0.755463,0.523869,0.617808,0.654022,0.666148,0.725452,0.791719,0.819107,0.831672,0.467773,0.701212,0.079791,0.360000,0.340000,0.290000,0.286667,0.800000,1.000000,1.000000,1.000000
DivRank.AU_07,211,0.320726,0.343704,0.372315,0.376945,0.430894,0.450745,0.486669,0.492666,0.364878,0.415823,0.503208,0.525819,0.461733,0.502068,0.601989,0.628741,0.295217,0.409225,0.061844,0.280000,0.240000,0.250000,0.246667,0.600000,0.800000,1.000000,1.000000
DivRank.AU_07,212,0.417549,0.461703,0.468110,0.470532,0.607394,0.644378,0.648174,0.651348,0.488748,0.584610,0.606300,0.617753,0.676816,0.745330,0.756012,0.769422,0.382443,0.573101,0.071741,0.320000,0.320000,0.300000,0.286667,1.000000,1.000000,1.000000,1.000000
DivRank.AU_07,213,0.440847,0.477084,0.496152,0.497949,0.627476,0.654358,0.676511,0.678771,0.476881,0.550225,0.610854,0.620381,0.643674,0.689884,0.753326,0.764188,0.412384,0.605449,0.072642,0.360000,0.300000,0.290000,0.273333,0.800000,1.000000,1.000000,1.000000
DivRank.AU_07,216,0.404236,0.433604,0.449841,0.452999,0.588028,0.608243,0.625118,0.628974,0.471444,0.534099,0.586573,0.600836,0.652854,0.688198,0.735696,0.750910,0.369388,0.553774,0.063238,0.280000,0.240000,0.250000,0.260000,1.000000,1.000000,1.000000,1.000000
DivRank.AU_07,217,0.305598,0.350482,0.353719,0.361992,0.434970,0.483003,0.483610,0.494714,0.350490,0.443531,0.454438,0.495379,0.473077,0.561004,0.562058,0.611637,0.279666,0.410951,0.059286,0.280000,0.280000,0.290000,0.266667,0.600000,0.800000,0.800000,1.000000
DivRank.AU_07,218,0.481694,0.487937,0.509815,0.516002,0.658668,0.648602,0.674567,0.682586,0.505123,0.518984,0.587558,0.617411,0.653414,0.635099,0.709669,0.744965,0.470962,0.662306,0.063469,0.320000,0.280000,0.280000,0.300000,0.800000,0.800000,1.000000,1.000000
DivRank.AU_07,219,0.327383,0.371688,0.397616,0.402521,0.452341,0.499088,0.532045,0.538567,0.351389,0.446853,0.532759,0.556729,0.455451,0.548136,0.647216,0.676125,0.330585,0.475773,0.055058,0.240000,0.280000,0.260000,0.260000,0.600000,0.800000,1.000000,1.000000
DivRank.AU_07,220,0.285628,0.337055,0.345997,0.346675,0.403419,0.460163,0.469571,0.470396,0.317202,0.436556,0.463716,0.466802,0.423678,0.545450,0.569742,0.573051,0.268514,0.392251,0.058341,0.200000,0.260000,0.270000,0.273333,0.600000,0.800000,0.800000,0.800000
DivRank.AU_07,221,0.316490,0.339317,0.346836,0.346854,0.475023,0.486808,0.492937,0.492854,0.369598,0.415613,0.442156,0.442235,0.528507,0.543428,0.563300,0.562902,0.280314,0.435095,0.077417,0.240000,0.260000,0.250000,0.253333,0.800000,0.800000,0.800000,0.800000
DivRank.AU_07,222,0.304387,0.350740,0.352221,0.354905,0.450717,0.500731,0.498016,0.501607,0.360975,0.451703,0.456257,0.469823,0.505918,0.589058,0.578921,0.595157,0.266265,0.410752,0.067105,0.240000,0.280000,0.250000,0.246667,0.800000,1.000000,1.000000,1.000000
DivRank.AU_07,224,0.389713,0.399916,0.429772,0.442527,0.547619,0.545216,0.582374,0.599528,0.403637,0.425153,0.517638,0.575920,0.534579,0.530625,0.635196,0.706087,0.372112,0.542891,0.050784,0.240000,0.220000,0.230000,0.233333,0.600000,0.600000,0.800000,1.000000
DivRank.AU_07,225,0.272920,0.279504,0.280958,0.286305,0.406306,0.399036,0.398142,0.405696,0.296652,0.312360,0.316783,0.343820,0.419511,0.406504,0.404014,0.438399,0.259563,0.400886,0.074041,0.240000,0.240000,0.270000,0.260000,0.400000,0.400000,0.400000,0.600000
DivRank.AU_07,228,0.340091,0.366639,0.378242,0.384845,0.503584,0.519860,0.532229,0.541394,0.387623,0.446960,0.483490,0.518579,0.543265,0.575564,0.609432,0.653043,0.314231,0.484210,0.055133,0.240000,0.240000,0.240000,0.246667,0.800000,0.800000,0.800000,1.000000
DivRank.AU_07,230,0.327988,0.377793,0.392178,0.395489,0.579060,0.624930,0.641734,0.646741,0.363317,0.468516,0.515481,0.529990,0.582851,0.665887,0.711828,0.730075,0.318345,0.592388,0.057950,0.240000,0.240000,0.250000,0.253333,0.600000,1.000000,1.000000,1.000000
DivRank.AU_07,231,0.346142,0.377546,0.402646,0.407976,0.501975,0.526313,0.556189,0.563261,0.391680,0.456502,0.537637,0.563384,0.542532,0.584180,0.670327,0.700937,0.325789,0.484445,0.060063,0.240000,0.280000,0.280000,0.300000,0.800000,0.800000,1.000000,1.000000
DivRank.AU_07,232,0.343116,0.389969,0.414967,0.416880,0.464373,0.514101,0.544967,0.547416,0.382064,0.481299,0.561885,0.571612,0.488308,0.584011,0.674578,0.685924,0.332271,0.462865,0.071656,0.280000,0.300000,0.310000,0.306667,0.600000,1.000000,1.000000,1.000000
DivRank.AU_07,235,0.284720,0.313714,0.343942,0.349236,0.388843,0.415823,0.454020,0.460941,0.322580,0.381383,0.486695,0.512100,0.416893,0.465019,0.586532,0.616776,0.260498,0.365547,0.066672,0.280000,0.280000,0.290000,0.280000,0.600000,0.600000,1.000000,1.000000
DivRank.AU_07,237,0.417247,0.454088,0.455069,0.461368,0.632569,0.662888,0.659211,0.668322,0.435482,0.509254,0.512177,0.540624,0.630519,0.683522,0.672949,0.710272,0.404790,0.634848,0.162170,0.320000,0.280000,0.260000,0.273333,0.600000,0.800000,0.800000,1.000000
DivRank.AU_07,238,0.360666,0.371180,0.381936,0.392824,0.501472,0.502269,0.514119,0.528621,0.417156,0.439391,0.473556,0.526602,0.545709,0.544900,0.578577,0.642605,0.327226,0.472817,0.056200,0.280000,0.260000,0.260000,0.260000,0.800000,0.800000,0.800000,1.000000
DivRank.AU_07,239,0.431467,0.458328,0.492809,0.494909,0.601688,0.620561,0.664150,0.666874,0.445666,0.498410,0.610305,0.620932,0.584198,0.616950,0.745747,0.758241,0.426039,0.618351,0.107238,0.320000,0.280000,0.320000,0.320000,0.600000,0.800000,1.000000,1.000000
DivRank.AU_07,240,0.393343,0.454424,0.474521,0.477958,0.555556,0.620443,0.644192,0.648658,0.413489,0.537035,0.602366,0.617869,0.552286,0.671031,0.740543,0.758630,0.377787,0.551890,0.093422,0.280000,0.300000,0.320000,0.300000,0.600000,1.000000,1.000000,1.000000
DivRank.AU_07,241,0.277156,0.321746,0.329634,0.330355,0.396537,0.444459,0.451490,0.452285,0.318432,0.413903,0.439558,0.442937,0.433532,0.525437,0.544678,0.547908,0.248871,0.366064,0.053857,0.200000,0.260000,0.230000,0.233333,0.600000,0.800000,0.800000,0.800000
DivRank.AU_07,242,0.393646,0.408380,0.426420,0.430484,0.555983,0.559506,0.580152,0.585469,0.432056,0.467998,0.523289,0.541193,0.577085,0.588717,0.645253,0.666336,0.388199,0.567330,0.077395,0.320000,0.260000,0.230000,0.226667,0.800000,1.000000,1.000000,1.000000
DivRank.AU_07,244,0.335250,0.358534,0.361335,0.362498,0.477175,0.493145,0.493543,0.495057,0.391230,0.443660,0.454070,0.459992,0.528065,0.559462,0.561534,0.568513,0.297506,0.436903,0.056502,0.240000,0.280000,0.280000,0.266667,0.800000,0.800000,0.800000,0.800000
DivRank.AU_07,245,0.248411,0.273346,0.293973,0.307411,0.336200,0.360693,0.386328,0.403928,0.265855,0.324754,0.390506,0.457412,0.339784,0.394737,0.469163,0.549207,0.238884,0.332821,0.060538,0.240000,0.260000,0.250000,0.260000,0.400000,0.600000,0.800000,1.000000
DivRank.AU_07,246,0.278971,0.302632,0.312933,0.319505,0.410142,0.426859,0.437071,0.446089,0.301217,0.356796,0.390913,0.421435,0.424614,0.462467,0.492932,0.530627,0.269964,0.406058,0.060407,0.240000,0.240000,0.230000,0.240000,0.400000,0.600000,0.600000,0.800000
DivRank.AU_07,248,0.271710,0.312443,0.321894,0.333949,0.399289,0.442147,0.450160,0.466401,0.310619,0.403259,0.435181,0.488904,0.438873,0.527562,0.549981,0.614476,0.243370,0.364578,0.064542,0.240000,0.280000,0.260000,0.260000,0.600000,0.800000,0.800000,1.000000
DivRank.AU_07,249,0.407867,0.447786,0.473379,0.476774,0.710970,0.741719,0.775233,0.780035,0.424666,0.508237,0.592915,0.608472,0.667627,0.725588,0.820965,0.839313,0.394956,0.733709,0.122564,0.280000,0.260000,0.260000,0.280000,0.600000,0.800000,1.000000,1.000000
DivRank.AU_07,250,0.284418,0.359121,0.376404,0.377564,0.399660,0.487181,0.508736,0.510252,0.331170,0.487512,0.543967,0.549516,0.438603,0.602785,0.665725,0.672229,0.256222,0.373581,0.066527,0.240000,0.300000,0.280000,0.266667,0.600000,1.000000,1.000000,1.000000
DivRank.AU_07,251,0.518608,0.546643,0.557668,0.561974,0.696748,0.717491,0.729214,0.734757,0.550759,0.612232,0.651799,0.673733,0.696955,0.740424,0.779997,0.805845,0.507125,0.703039,0.085627,0.360000,0.420000,0.370000,0.360000,0.800000,0.800000,1.000000,1.000000
DivRank.AU_07,252,0.315280,0.376001,0.382911,0.388770,0.458627,0.525739,0.530805,0.538711,0.357942,0.486501,0.509361,0.537114,0.495676,0.622420,0.636089,0.669634,0.294818,0.441912,0.068099,0.280000,0.280000,0.270000,0.253333,0.600000,1.000000,1.000000,1.000000
DivRank.AU_07,253,0.291679,0.319571,0.342860,0.351241,0.424296,0.446211,0.475469,0.486771,0.321767,0.386757,0.464831,0.503271,0.445582,0.493266,0.581371,0.627729,0.276182,0.413961,0.069045,0.200000,0.200000,0.220000,0.253333,0.600000,0.800000,1.000000,1.000000
DivRank.AU_07,255,0.483812,0.515508,0.524158,0.525953,0.665695,0.690533,0.698062,0.700011,0.514017,0.582952,0.613030,0.621738,0.671075,0.721230,0.745701,0.754285,0.467656,0.660155,0.068284,0.360000,0.320000,0.270000,0.266667,0.800000,1.000000,1.000000,1.000000
DivRank.AU_07,256,0.303782,0.319533,0.327372,0.327732,0.429060,0.436673,0.444736,0.445170,0.345564,0.381226,0.405095,0.406709,0.461561,0.477168,0.498830,0.500563,0.275715,0.402833,0.052151,0.240000,0.240000,0.250000,0.246667,0.600000,0.600000,0.600000,0.600000
DivRank.AU_07,257,0.280182,0.308749,0.348652,0.349608,0.494658,0.510720,0.570618,0.571739,0.312873,0.373100,0.494644,0.498957,0.501926,0.530275,0.683661,0.687539,0.261881,0.487314,0.057829,0.200000,0.200000,0.250000,0.260000,0.600000,0.600000,1.000000,1.000000
DivRank.AU_07,258,0.291074,0.337481,0.340084,0.345023,0.409014,0.459432,0.460600,0.467150,0.325522,0.422859,0.431082,0.452949,0.431123,0.526499,0.528943,0.555093,0.274985,0.401074,0.049432,0.240000,0.260000,0.260000,0.266667,0.600000,0.800000,0.800000,0.800000
DivRank.AU_07,260,0.268079,0.303639,0.319808,0.327960,0.374788,0.412025,0.431972,0.442892,0.304250,0.385511,0.436690,0.478621,0.399580,0.477944,0.534462,0.585279,0.241879,0.352238,0.049981,0.200000,0.240000,0.240000,0.240000,0.600000,0.800000,0.800000,1.000000
DivRank.AU_07,263,0.451437,0.464866,0.467607,0.467891,0.660177,0.654441,0.653295,0.653647,0.467630,0.495426,0.504131,0.505369,0.653334,0.641191,0.638756,0.640149,0.444052,0.666888,0.082087,0.320000,0.280000,0.260000,0.253333,0.600000,0.600000,0.600000,0.600000
DivRank.AU_07,265,0.200000,0.223850,0.249805,0.262682,0.361202,0.381244,0.417671,0.438645,0.200000,0.246067,0.329264,0.390051,0.331788,0.364916,0.464543,0.547653,0.204682,0.385722,0.047763,0.200000,0.200000,0.210000,0.226667,0.200000,0.400000,0.800000,1.000000
DivRank.AU_07,266,0.600303,0.619078,0.627117,0.627988,0.859246,0.853402,0.858782,0.859918,0.605710,0.645019,0.669295,0.673370,0.822831,0.813385,0.828740,0.833566,0.596316,0.880608,0.068602,0.360000,0.300000,0.280000,0.266667,0.800000,0.800000,0.800000,0.800000
DivRank.AU_07,268,0.357035,0.402482,0.410550,0.415125,0.515734,0.559981,0.566031,0.572044,0.414270,0.518099,0.543225,0.563659,0.570735,0.662001,0.676354,0.700322,0.324873,0.481963,0.062759,0.280000,0.280000,0.280000,0.260000,0.800000,1.000000,1.000000,1.000000
DivRank.AU_07,269,0.376399,0.404214,0.418472,0.421676,0.538528,0.558073,0.573341,0.577300,0.444347,0.502518,0.550962,0.566140,0.604961,0.637474,0.683692,0.700340,0.334366,0.491771,0.063604,0.280000,0.300000,0.290000,0.273333,1.000000,1.000000,1.000000,1.000000
DivRank.AU_07,270,0.311044,0.365399,0.385033,0.387989,0.439316,0.500206,0.523426,0.527257,0.358302,0.474839,0.538785,0.552177,0.478575,0.596182,0.663284,0.678769,0.283514,0.414371,0.065562,0.280000,0.300000,0.310000,0.300000,0.600000,1.000000,1.000000,1.000000
DivRank.AU_07,272,0.332829,0.335878,0.349417,0.356378,0.476190,0.462311,0.477697,0.487142,0.396517,0.401903,0.444145,0.475580,0.539842,0.506821,0.549611,0.588161,0.284459,0.418181,0.050239,0.280000,0.240000,0.230000,0.226667,0.800000,0.800000,0.800000,1.000000
DivRank.AU_07,273,0.291679,0.316715,0.325531,0.331379,0.414267,0.436678,0.445454,0.453291,0.321767,0.377251,0.403503,0.432187,0.431507,0.476713,0.499131,0.533810,0.276736,0.408162,0.052994,0.200000,0.200000,0.220000,0.233333,0.600000,0.600000,0.600000,0.800000
DivRank.AU_07,274,0.416036,0.461839,0.472376,0.478737,0.616039,0.656921,0.666472,0.674996,0.433767,0.538716,0.575252,0.604998,0.607938,0.696912,0.727484,0.762988,0.402603,0.620962,0.078419,0.320000,0.280000,0.300000,0.293333,0.600000,1.000000,1.000000,1.000000
DivRank.AU_07,275,0.293495,0.350375,0.368723,0.372115,0.412766,0.476392,0.498340,0.502822,0.341868,0.463556,0.523586,0.539001,0.455236,0.577558,0.641439,0.659764,0.261274,0.379080,0.067612,0.280000,0.280000,0.280000,0.260000,0.600000,1.000000,1.000000,1.000000
DivRank.AU_07,276,0.331619,0.355850,0.378920,0.381893,0.472007,0.489134,0.517034,0.520948,0.388344,0.439317,0.518670,0.534071,0.524170,0.553416,0.640058,0.658325,0.294031,0.431736,0.056675,0.240000,0.240000,0.260000,0.260000,0.800000,0.800000,1.000000,1.000000
DivRank.AU_07,277,0.233585,0.257849,0.267557,0.274835,0.335944,0.357256,0.368415,0.378346,0.252819,0.312527,0.342448,0.379325,0.347213,0.398185,0.428856,0.474563,0.217958,0.321119,0.056294,0.200000,0.220000,0.210000,0.226667,0.400000,0.600000,0.600000,0.800000
DivRank.AU_07,279,0.382451,0.405788,0.410056,0.412593,0.587361,0.600317,0.603827,0.607447,0.433230,0.483130,0.496238,0.509998,0.636562,0.658969,0.668107,0.686075,0.361514,0.574321,0.096672,0.280000,0.260000,0.270000,0.246667,0.800000,0.800000,0.800000,0.800000
DivRank.AU_07,281,0.378215,0.408560,0.417049,0.426574,0.524549,0.552064,0.560800,0.573441,0.433591,0.497394,0.524278,0.567688,0.564855,0.615690,0.640014,0.692170,0.352144,0.508432,0.075577,0.320000,0.340000,0.350000,0.333333,0.800000,0.800000,0.800000,1.000000
DivRank.AU_07,283,0.265658,0.311676,0.314681,0.321441,0.381739,0.431574,0.433535,0.442808,0.287396,0.386807,0.396084,0.425748,0.392499,0.490873,0.495643,0.532567,0.258231,0.382381,0.059071,0.200000,0.260000,0.260000,0.253333,0.400000,0.600000,0.600000,0.800000
DivRank.AU_07,284,0.350983,0.370883,0.387604,0.389673,0.489865,0.499918,0.518899,0.521551,0.425388,0.469772,0.518630,0.528404,0.566473,0.583547,0.631945,0.643251,0.295068,0.420225,0.078703,0.320000,0.280000,0.280000,0.273333,0.800000,0.800000,1.000000,1.000000
DivRank.AU_07,285,0.438124,0.486252,0.501893,0.504628,0.596130,0.642474,0.660833,0.664365,0.461651,0.563106,0.612473,0.626446,0.593627,0.683766,0.736505,0.752983,0.423917,0.593490,0.053677,0.240000,0.220000,0.230000,0.240000,0.800000,1.000000,1.000000,1.000000
DivRank.AU_07,286,0.314070,0.340705,0.342626,0.351131,0.443590,0.465178,0.465142,0.476538,0.353252,0.410693,0.417479,0.459739,0.471829,0.513166,0.513263,0.564481,0.293531,0.428804,0.063971,0.240000,0.280000,0.270000,0.280000,0.600000,0.600000,0.600000,0.800000
DivRank.AU_07,287,0.455068,0.457319,0.479383,0.481503,0.673835,0.648551,0.674638,0.677338,0.481840,0.486088,0.556840,0.566372,0.675314,0.626044,0.701889,0.712681,0.434458,0.669511,0.064464,0.280000,0.240000,0.250000,0.253333,0.800000,0.800000,1.000000,1.000000
DivRank.AU_07,288,0.466263,0.515585,0.525356,0.527590,0.655187,0.702157,0.711503,0.714384,0.495841,0.596175,0.626168,0.636709,0.656695,0.742698,0.768031,0.780303,0.451390,0.658433,0.067178,0.360000,0.320000,0.280000,0.260000,0.800000,1.000000,1.000000,1.000000
DivRank.AU_07,289,0.444175,0.476303,0.494884,0.496002,0.635498,0.656648,0.679139,0.680622,0.466216,0.537838,0.600066,0.605170,0.634735,0.679809,0.748891,0.755024,0.429904,0.632296,0.084047,0.240000,0.240000,0.260000,0.253333,0.800000,0.800000,1.000000,1.000000
DivRank.AU_07,290,0.444175,0.451651,0.469683,0.474478,0.627350,0.617700,0.638261,0.644546,0.458375,0.473765,0.526237,0.547061,0.612239,0.593948,0.647776,0.672413,0.437463,0.639193,0.051151,0.280000,0.260000,0.250000,0.233333,0.600000,0.600000,0.800000,0.800000
DivRank.AU_07,291,0.200000,0.232358,0.244708,0.257481,0.370932,0.401920,0.417964,0.439586,0.200000,0.278319,0.324681,0.386524,0.335584,0.409606,0.462443,0.549600,0.201461,0.399556,0.052451,0.200000,0.200000,0.220000,0.240000,0.200000,0.600000,0.800000,1.000000
DivRank.AU_07,292,0.200000,0.238448,0.242475,0.255903,0.373446,0.418976,0.418020,0.440344,0.200000,0.283781,0.299112,0.361854,0.339209,0.429127,0.429891,0.516331,0.204981,0.407906,0.046584,0.200000,0.220000,0.210000,0.220000,0.200000,0.600000,0.600000,1.000000
DivRank.AU_07,293,0.358245,0.399766,0.415143,0.419438,0.489256,0.532439,0.549877,0.555342,0.400302,0.493076,0.538502,0.559945,0.517338,0.606176,0.651669,0.676456,0.344062,0.483335,0.064899,0.240000,0.220000,0.250000,0.240000,0.800000,1.000000,1.000000,1.000000
DivRank.AU_07,294,0.272920,0.312617,0.315312,0.326464,0.475738,0.517436,0.515990,0.533764,0.296652,0.388241,0.396827,0.449181,0.466372,0.553347,0.548813,0.619063,0.262163,0.487009,0.052645,0.240000,0.240000,0.240000,0.246667,0.400000,0.800000,0.800000,1.000000
DivRank.AU_07,295,0.285628,0.322342,0.343096,0.348243,0.401361,0.438755,0.464501,0.471384,0.317202,0.393632,0.456182,0.483962,0.420104,0.489929,0.559295,0.592910,0.270045,0.393866,0.051984,0.200000,0.280000,0.260000,0.266667,0.600000,0.600000,0.800000,1.000000
DivRank.AU_07,297,0.307413,0.355621,0.375921,0.378888,0.463504,0.510513,0.534975,0.539056,0.355416,0.462141,0.529135,0.542751,0.509893,0.601776,0.672531,0.689109,0.277253,0.433302,0.081331,0.200000,0.240000,0.260000,0.266667,0.800000,1.000000,1.000000,1.000000
DivRank.AU_07,298,0.268079,0.311712,0.338892,0.343983,0.385217,0.431525,0.466130,0.473073,0.304250,0.404233,0.484358,0.508143,0.415516,0.512395,0.603106,0.632398,0.243125,0.360062,0.070199,0.200000,0.240000,0.260000,0.266667,0.600000,0.800000,1.000000,1.000000
DivRank.AU_07,299,0.268079,0.289586,0.317353,0.320218,0.366116,0.384891,0.419778,0.423459,0.304250,0.351864,0.436550,0.450644,0.393204,0.430802,0.527245,0.543686,0.241131,0.338664,0.048022,0.200000,0.220000,0.250000,0.246667,0.600000,0.800000,1.000000,1.000000
DivRank.AU_07,300,0.353404,0.380849,0.406396,0.408478,0.496599,0.519222,0.550715,0.553413,0.404418,0.462842,0.549162,0.558165,0.535613,0.577665,0.673936,0.684357,0.327059,0.477160,0.051162,0.240000,0.240000,0.240000,0.226667,0.800000,0.800000,1.000000,1.000000
DivRank.AU_07,301,0.454463,0.496230,0.518016,0.519917,0.646856,0.681578,0.706553,0.708971,0.469913,0.562225,0.631105,0.639742,0.634267,0.707114,0.778399,0.788258,0.450879,0.662014,0.072793,0.320000,0.280000,0.290000,0.273333,0.600000,1.000000,1.000000,1.000000
DivRank.AU_07,302,0.200000,0.259885,0.283228,0.289711,0.284668,0.357004,0.386602,0.395286,0.200000,0.334002,0.408871,0.442943,0.269951,0.420127,0.505095,0.546225,0.206163,0.302714,0.061778,0.200000,0.280000,0.280000,0.273333,0.200000,0.600000,0.800000,1.000000
DivRank.AU_07,303,0.369440,0.422632,0.448398,0.454262,0.504545,0.561404,0.592692,0.600323,0.364639,0.478910,0.554927,0.581596,0.471248,0.586085,0.669673,0.701271,0.375342,0.526943,0.067995,0.280000,0.260000,0.260000,0.260000,0.400000,0.800000,1.000000,1.000000
DivRank.AU_07,304,0.272617,0.307034,0.309309,0.321131,0.481303,0.509210,0.507168,0.526177,0.283100,0.362362,0.370576,0.424939,0.454163,0.517197,0.513220,0.586894,0.277975,0.517508,0.067856,0.240000,0.220000,0.210000,0.220000,0.400000,0.600000,0.600000,0.800000
DivRank.AU_07,305,0.336460,0.354810,0.359672,0.362076,0.489868,0.495388,0.497572,0.500651,0.373412,0.414574,0.430945,0.444056,0.520042,0.531092,0.537896,0.553132,0.321477,0.479050,0.055739,0.280000,0.240000,0.220000,0.220000,0.600000,0.800000,0.800000,0.800000
DivRank.AU_07,308,0.262632,0.298790,0.319171,0.326741,0.369362,0.409022,0.432457,0.442244,0.303771,0.379355,0.450831,0.487535,0.408774,0.482840,0.556867,0.599529,0.231043,0.331206,0.047511,0.240000,0.220000,0.240000,0.240000,0.600000,0.800000,1.000000,1.000000
DivRank.AU_07,309,0.320726,0.358491,0.365174,0.374549,0.450680,0.487693,0.494233,0.506828,0.361395,0.447130,0.472383,0.513580,0.478634,0.555994,0.578989,0.629004,0.300233,0.437863,0.060934,0.280000,0.280000,0.270000,0.253333,0.600000,0.800000,0.800000,1.000000
DivRank.AU_07,310,0.233585,0.269900,0.277433,0.289811,0.329915,0.368505,0.376660,0.393369,0.252819,0.332593,0.359881,0.416628,0.337683,0.415579,0.442513,0.511781,0.220291,0.321812,0.060072,0.200000,0.240000,0.230000,0.253333,0.400000,0.600000,0.600000,1.000000
DivRank.AU_07,312,0.315885,0.344305,0.370799,0.373770,0.449612,0.472973,0.505877,0.509780,0.354695,0.417204,0.502803,0.517668,0.478752,0.524785,0.620423,0.637987,0.295881,0.434446,0.060114,0.240000,0.260000,0.250000,0.253333,0.600000,0.800000,1.000000,1.000000
DivRank.AU_07,313,0.436309,0.457733,0.480760,0.487572,0.634683,0.638838,0.665763,0.674977,0.441550,0.487944,0.558540,0.591295,0.611457,0.622088,0.696721,0.736595,0.440268,0.659754,0.068039,0.280000,0.280000,0.280000,0.273333,0.600000,0.600000,0.800000,1.000000
DivRank.AU_07,314,0.342511,0.364435,0.381907,0.389208,0.481293,0.496277,0.517252,0.527005,0.403968,0.457069,0.514518,0.547780,0.535018,0.569369,0.631222,0.671315,0.299104,0.436292,0.058537,0.280000,0.280000,0.270000,0.293333,0.800000,1.000000,1.000000,1.000000
DivRank.AU_07,315,0.255371,0.311490,0.331535,0.331815,0.347468,0.412533,0.437095,0.437388,0.280217,0.407266,0.478362,0.479630,0.360325,0.496777,0.576059,0.577169,0.241318,0.337957,0.049374,0.200000,0.220000,0.250000,0.246667,0.400000,0.800000,1.000000,1.000000
DivRank.AU_07,316,0.340091,0.364796,0.367071,0.376954,0.468529,0.487106,0.487562,0.500545,0.371940,0.420884,0.429692,0.475305,0.487152,0.518230,0.521190,0.575824,0.335009,0.472082,0.058581,0.240000,0.300000,0.260000,0.273333,0.600000,0.600000,0.600000,0.800000
DivRank.AU_07,317,0.255371,0.274819,0.287054,0.287054,0.450855,0.455425,0.470729,0.470581,0.280217,0.325958,0.369663,0.369664,0.449538,0.463929,0.511755,0.511133,0.238092,0.443489,0.058231,0.200000,0.200000,0.220000,0.213333,0.400000,0.600000,0.800000,0.800000
DivRank.AU_07,318,0.326172,0.338394,0.352382,0.357931,0.488225,0.484685,0.499626,0.507289,0.361874,0.386536,0.425308,0.452627,0.516397,0.504856,0.539746,0.573483,0.311694,0.482311,0.071677,0.240000,0.260000,0.270000,0.266667,0.600000,0.600000,0.800000,0.800000
DivRank.AU_07,319,0.299244,0.326332,0.330148,0.337816,0.427768,0.450834,0.452838,0.463106,0.348057,0.408050,0.423086,0.462317,0.471243,0.516383,0.524690,0.572058,0.263404,0.389497,0.060180,0.320000,0.280000,0.260000,0.280000,0.600000,0.800000,0.800000,1.000000
DivRank.AU_07,321,0.327988,0.376720,0.389275,0.391123,0.469264,0.519592,0.532595,0.534922,0.385458,0.494042,0.533326,0.542135,0.524786,0.625287,0.659853,0.669699,0.290549,0.427309,0.052565,0.240000,0.220000,0.230000,0.240000,0.800000,1.000000,1.000000,1.000000
DivRank.AU_07,323,0.429652,0.458994,0.464861,0.473187,0.609966,0.628962,0.632971,0.644039,0.462881,0.525461,0.545459,0.582757,0.623561,0.659775,0.672645,0.717381,0.399569,0.584685,0.067811,0.280000,0.280000,0.280000,0.280000,0.800000,1.000000,1.000000,1.000000
DivRank.AU_07,324,0.491679,0.500478,0.514829,0.517483,0.702855,0.692583,0.707208,0.710392,0.521767,0.543888,0.593782,0.606122,0.706435,0.689906,0.737638,0.750923,0.474708,0.702391,0.073468,0.400000,0.320000,0.300000,0.280000,0.800000,0.800000,1.000000,1.000000
DivRank.AU_07,325,0.261120,0.285973,0.288928,0.298417,0.461004,0.474281,0.473726,0.488874,0.288147,0.342020,0.350648,0.393400,0.462260,0.488163,0.485596,0.543027,0.244152,0.454538,0.078266,0.240000,0.240000,0.230000,0.246667,0.400000,0.600000,0.600000,0.800000
DivRank.AU_07,328,0.432375,0.491974,0.501402,0.506200,0.613832,0.674155,0.682515,0.688827,0.440288,0.565885,0.597947,0.622058,0.593126,0.710532,0.736754,0.765451,0.437448,0.640113,0.068417,0.320000,0.280000,0.270000,0.266667,0.600000,1.000000,1.000000,1.000000
DivRank.AU_07,331,0.236309,0.271513,0.276657,0.294465,0.336348,0.372978,0.377633,0.401773,0.256725,0.334258,0.350837,0.434367,0.346516,0.420450,0.433403,0.535649,0.221872,0.325780,0.059608,0.240000,0.300000,0.250000,0.253333,0.400000,0.600000,0.600000,1.000000
DivRank.AU_07,333,0.311649,0.344631,0.369369,0.372373,0.447826,0.476841,0.507171,0.511081,0.358539,0.433717,0.516163,0.530202,0.489658,0.549790,0.640339,0.656599,0.281687,0.416998,0.082790,0.280000,0.340000,0.320000,0.306667,0.600000,0.800000,1.000000,1.000000
DivRank.AU_07,334,0.329198,0.367564,0.386681,0.389810,0.449587,0.488533,0.511427,0.515449,0.374973,0.461275,0.526212,0.540677,0.484604,0.564759,0.635407,0.652257,0.304505,0.427671,0.058835,0.320000,0.260000,0.270000,0.266667,0.600000,1.000000,1.000000,1.000000
DivRank.AU_07,335,0.280787,0.322985,0.336801,0.338606,0.413916,0.457377,0.474260,0.476755,0.321318,0.415399,0.458427,0.466483,0.453873,0.541140,0.587878,0.597963,0.252200,0.380711,0.044960,0.200000,0.220000,0.230000,0.240000,0.600000,0.800000,0.800000,0.800000
DivRank.AU_07,337,0.273525,0.318103,0.335353,0.336475,0.384354,0.433119,0.454733,0.456221,0.308579,0.404844,0.458712,0.464078,0.408684,0.504252,0.564943,0.571382,0.251380,0.366646,0.050914,0.200000,0.200000,0.230000,0.240000,0.600000,0.800000,0.800000,0.800000
DivRank.AU_07,338,0.485325,0.524315,0.531284,0.536815,0.697391,0.726174,0.729942,0.737264,0.503651,0.590051,0.612924,0.638842,0.687838,0.748936,0.760596,0.791510,0.484783,0.717919,0.080681,0.280000,0.280000,0.250000,0.260000,0.800000,1.000000,1.000000,1.000000
DivRank.AU_07,339,0.466263,0.478439,0.488292,0.492449,0.593606,0.599470,0.609930,0.615025,0.480667,0.507970,0.543250,0.563560,0.605998,0.619482,0.656379,0.680434,0.463755,0.598718,0.064120,0.320000,0.300000,0.260000,0.260000,0.800000,0.800000,0.800000,0.800000
DivRank.AU_07,341,0.443570,0.493564,0.501909,0.505450,0.660360,0.703889,0.709309,0.713835,0.454288,0.564732,0.591864,0.610248,0.642434,0.733563,0.749484,0.770627,0.445674,0.688158,0.080445,0.320000,0.320000,0.320000,0.313333,0.600000,1.000000,1.000000,1.000000
DivRank.AU_07,342,0.392133,0.416943,0.421928,0.424807,0.580645,0.591332,0.593748,0.597573,0.462822,0.516794,0.532371,0.547252,0.648659,0.665634,0.670895,0.688579,0.349648,0.538823,0.056711,0.280000,0.260000,0.240000,0.233333,1.000000,1.000000,1.000000,1.000000
DivRank.AU_07,344,0.254766,0.255713,0.288675,0.297149,0.364502,0.355911,0.397614,0.408844,0.268289,0.270047,0.371192,0.411765,0.365265,0.347477,0.463365,0.511704,0.250199,0.368573,0.059910,0.200000,0.200000,0.200000,0.233333,0.400000,0.400000,0.800000,0.800000
DivRank.AU_07,346,0.303782,0.348814,0.358965,0.368754,0.529536,0.575849,0.585923,0.601613,0.346072,0.443950,0.476801,0.524279,0.544068,0.630080,0.656881,0.720955,0.279409,0.518797,0.048796,0.240000,0.240000,0.230000,0.233333,0.600000,0.800000,0.800000,1.000000
DivRank.AU_07,348,0.309834,0.334450,0.360197,0.364424,0.435745,0.457838,0.488044,0.493249,0.350130,0.401819,0.491223,0.511983,0.471157,0.511432,0.606759,0.629592,0.287184,0.411686,0.054866,0.240000,0.240000,0.250000,0.253333,0.600000,0.600000,1.000000,1.000000
DivRank.AU_07,349,0.450832,0.481249,0.507550,0.508437,0.641688,0.660478,0.692201,0.693202,0.482201,0.551581,0.633842,0.638012,0.650854,0.692602,0.781920,0.786093,0.426460,0.626122,0.096534,0.320000,0.280000,0.310000,0.306667,0.800000,1.000000,1.000000,1.000000
DivRank.AU_07,351,0.412708,0.470427,0.484501,0.487493,0.600352,0.656555,0.670871,0.674822,0.420550,0.544978,0.593932,0.607645,0.582376,0.694802,0.740671,0.756888,0.412418,0.618018,0.054637,0.240000,0.260000,0.240000,0.240000,0.600000,1.000000,1.000000,1.000000
DivRank.AU_07,352,0.517700,0.536114,0.551987,0.553916,0.719815,0.724469,0.742311,0.744708,0.561362,0.600989,0.651302,0.661317,0.734355,0.743761,0.795089,0.806423,0.492777,0.711745,0.071846,0.360000,0.300000,0.300000,0.286667,1.000000,1.000000,1.000000,1.000000
DivRank.AU_07,354,0.269894,0.308209,0.333714,0.337505,0.500561,0.535804,0.571607,0.577531,0.309544,0.390134,0.475419,0.493563,0.519389,0.580013,0.679158,0.702483,0.240565,0.477253,0.121858,0.240000,0.240000,0.230000,0.246667,0.600000,0.800000,1.000000,1.000000
DivRank.AU_07,356,0.298941,0.343912,0.352745,0.357733,0.422222,0.471181,0.480353,0.487090,0.334505,0.426305,0.452997,0.480039,0.446790,0.536269,0.560233,0.593400,0.283444,0.414238,0.081419,0.200000,0.220000,0.240000,0.253333,0.600000,0.800000,0.800000,1.000000
DivRank.AU_07,358,0.389713,0.417662,0.427757,0.442638,0.541176,0.563493,0.574366,0.594268,0.403637,0.466585,0.498460,0.565386,0.527526,0.576186,0.607413,0.688586,0.373207,0.538181,0.069443,0.240000,0.260000,0.270000,0.286667,0.600000,0.800000,0.800000,1.000000
DivRank.AU_07,359,0.315885,0.342301,0.360985,0.368831,0.476277,0.493522,0.515383,0.526282,0.354695,0.406036,0.469826,0.507677,0.508858,0.532734,0.599508,0.646289,0.298091,0.466297,0.069157,0.240000,0.220000,0.220000,0.213333,0.600000,0.800000,1.000000,1.000000
DivRank.AU_07,360,0.301967,0.324631,0.353823,0.357678,0.439261,0.453276,0.490279,0.495433,0.344121,0.392593,0.486888,0.504557,0.476538,0.500709,0.607832,0.628891,0.274783,0.411860,0.063406,0.240000,0.220000,0.230000,0.233333,0.600000,0.600000,1.000000,1.000000
DivRank.AU_07,361,0.200000,0.261735,0.291181,0.295392,0.282479,0.358940,0.396479,0.401999,0.200000,0.341926,0.439925,0.458946,0.267135,0.430462,0.542799,0.565008,0.204303,0.298747,0.051541,0.200000,0.240000,0.260000,0.266667,0.200000,0.800000,1.000000,1.000000
DivRank.AU_07,362,0.315280,0.357884,0.382428,0.384405,0.458627,0.502026,0.531528,0.533954,0.342767,0.436656,0.511264,0.520404,0.474662,0.562641,0.641620,0.651471,0.310614,0.465663,0.057604,0.240000,0.260000,0.250000,0.246667,0.600000,0.800000,1.000000,1.000000
DivRank.AU_07,363,0.254766,0.255713,0.282596,0.287923,0.384124,0.373630,0.411329,0.419051,0.268289,0.270047,0.362273,0.386208,0.384897,0.364168,0.483323,0.515095,0.250077,0.391660,0.049520,0.200000,0.200000,0.210000,0.220000,0.400000,0.400000,0.800000,0.800000
DivRank.AU_07,364,0.250832,0.268536,0.300395,0.308886,0.357020,0.368838,0.409854,0.421282,0.282201,0.322099,0.428060,0.468638,0.380903,0.405107,0.528467,0.577661,0.224704,0.329927,0.055115,0.280000,0.260000,0.260000,0.260000,0.400000,0.600000,1.000000,1.000000
DivRank.AU_07,366,0.410893,0.417302,0.424667,0.426503,0.574936,0.567140,0.573802,0.576189,0.419107,0.433654,0.457051,0.465581,0.553395,0.540396,0.560271,0.570343,0.404066,0.585769,0.066522,0.240000,0.220000,0.220000,0.220000,0.600000,0.600000,0.600000,0.600000
DivRank.AU_07,367,0.431467,0.434799,0.435649,0.435654,0.662639,0.640529,0.636131,0.636003,0.445666,0.452582,0.455109,0.455129,0.654835,0.611616,0.599960,0.599475,0.421538,0.669523,0.108868,0.320000,0.260000,0.260000,0.253333,0.600000,0.600000,0.600000,0.600000
DivRank.AU_07,371,0.340091,0.411532,0.421125,0.421943,0.477891,0.561381,0.571102,0.572077,0.371940,0.526022,0.554995,0.558616,0.492599,0.656822,0.681642,0.685436,0.338337,0.493828,0.069402,0.240000,0.280000,0.300000,0.313333,0.600000,1.000000,1.000000,1.000000
DivRank.AU_07,372,0.406051,0.445031,0.450075,0.453403,0.580952,0.614299,0.616084,0.620342,0.419740,0.513989,0.532201,0.546781,0.571459,0.651726,0.658994,0.675710,0.392702,0.577504,0.051445,0.280000,0.280000,0.260000,0.260000,0.600000,1.000000,1.000000,1.000000
DivRank.AU_07,373,0.353404,0.397769,0.405760,0.412956,0.496599,0.542606,0.550198,0.559832,0.419592,0.510022,0.536291,0.568390,0.555711,0.636844,0.658469,0.697245,0.311464,0.454605,0.062670,0.240000,0.260000,0.250000,0.260000,1.000000,1.000000,1.000000,1.000000
DivRank.AU_07,374,0.254766,0.286618,0.305235,0.315861,0.357993,0.391009,0.414015,0.428300,0.268289,0.340352,0.398963,0.448668,0.355324,0.425010,0.490148,0.550536,0.252881,0.369105,0.045858,0.200000,0.200000,0.210000,0.233333,0.400000,0.600000,0.800000,1.000000
DivRank.AU_07,375,0.436914,0.472124,0.488268,0.490200,0.646953,0.671550,0.688895,0.691159,0.453478,0.536478,0.586836,0.596189,0.635563,0.694017,0.742133,0.751879,0.426680,0.658097,0.077062,0.240000,0.240000,0.260000,0.273333,0.800000,1.000000,1.000000,1.000000
DivRank.AU_07,376,0.263540,0.296600,0.318548,0.321639,0.377056,0.408557,0.435489,0.439556,0.304493,0.377941,0.451032,0.465410,0.414555,0.477369,0.557677,0.574593,0.230221,0.338459,0.050769,0.240000,0.260000,0.250000,0.253333,0.600000,0.800000,1.000000,1.000000
DivRank.AU_07,377,0.331619,0.349480,0.368573,0.369388,0.476522,0.490656,0.516508,0.517635,0.388344,0.425135,0.483560,0.487485,0.530363,0.555042,0.628094,0.633118,0.293271,0.434870,0.050436,0.240000,0.220000,0.230000,0.233333,0.800000,0.800000,0.800000,0.800000
DivRank.AU_07,378,0.318306,0.358476,0.365394,0.366886,0.457391,0.495672,0.501527,0.503387,0.371549,0.455475,0.477315,0.484833,0.507426,0.576495,0.591729,0.600117,0.284830,0.421643,0.063841,0.280000,0.260000,0.280000,0.273333,0.600000,0.800000,0.800000,0.800000
DivRank.AU_07,379,0.367322,0.372200,0.394617,0.396555,0.522825,0.510501,0.538161,0.540649,0.364819,0.375376,0.456101,0.464849,0.492417,0.470654,0.562669,0.572785,0.364208,0.534720,0.061598,0.240000,0.220000,0.230000,0.246667,0.400000,0.400000,0.800000,0.800000
DivRank.AU_07,380,0.265356,0.280362,0.302902,0.307281,0.377692,0.385134,0.413457,0.419259,0.307677,0.338553,0.405682,0.427220,0.415290,0.425853,0.501154,0.526836,0.230610,0.338611,0.064029,0.280000,0.260000,0.270000,0.286667,0.600000,0.600000,0.800000,0.800000
DivRank.AU_07,384,0.301967,0.310089,0.341362,0.347275,0.412397,0.412154,0.451322,0.459026,0.347604,0.364002,0.466363,0.492307,0.449233,0.446102,0.563031,0.593741,0.269856,0.378856,0.050060,0.280000,0.240000,0.230000,0.246667,0.600000,0.600000,1.000000,1.000000
DivRank.AU_07,386,0.257186,0.267077,0.282353,0.282985,0.387774,0.385997,0.404126,0.404828,0.285143,0.305258,0.361735,0.365099,0.409076,0.402127,0.463744,0.467101,0.237188,0.371185,0.057096,0.240000,0.240000,0.260000,0.246667,0.400000,0.400000,0.600000,0.600000
DivRank.AU_07,388,0.200000,0.270553,0.286103,0.289171,0.290933,0.378297,0.396859,0.400851,0.200000,0.349874,0.402463,0.416371,0.276959,0.447621,0.503479,0.519455,0.208524,0.312564,0.051479,0.200000,0.240000,0.260000,0.266667,0.200000,0.800000,0.800000,0.800000
DivRank.AU_07,389,0.427231,0.455365,0.463577,0.466605,0.594026,0.615110,0.623400,0.627307,0.442544,0.506937,0.530085,0.544163,0.578921,0.626567,0.647075,0.663524,0.416182,0.601170,0.067412,0.320000,0.260000,0.270000,0.266667,0.600000,0.800000,0.800000,0.800000
DivRank.AU_07,391,0.438729,0.465503,0.473149,0.480185,0.599669,0.617920,0.624401,0.633554,0.473579,0.531767,0.555074,0.590534,0.615288,0.651942,0.669316,0.711454,0.407512,0.569236,0.071634,0.320000,0.300000,0.280000,0.273333,0.800000,0.800000,0.800000,1.000000
DivRank.AU_07,393,0.386687,0.404477,0.411963,0.419448,0.555652,0.559422,0.565760,0.575823,0.436352,0.479231,0.503766,0.542462,0.595928,0.606393,0.624883,0.671829,0.366853,0.543250,0.057206,0.280000,0.260000,0.270000,0.260000,0.800000,0.800000,0.800000,1.000000
DivRank.AU_07,394,0.227231,0.301284,0.310545,0.316484,0.330546,0.422867,0.431750,0.439831,0.247768,0.407332,0.437186,0.465966,0.343108,0.525366,0.548803,0.583981,0.217661,0.326334,0.078892,0.200000,0.240000,0.240000,0.260000,0.400000,1.000000,1.000000,1.000000
DivRank.AU_07,395,0.291679,0.309313,0.320220,0.332973,0.431900,0.441588,0.452698,0.470384,0.321767,0.365422,0.398857,0.461164,0.450967,0.476541,0.505798,0.583058,0.275339,0.424751,0.050046,0.200000,0.200000,0.200000,0.220000,0.600000,0.800000,0.800000,1.000000
DivRank.AU_07,396,0.410287,0.458697,0.469366,0.469921,0.553922,0.604862,0.615863,0.616483,0.476010,0.583548,0.617645,0.620216,0.607258,0.710408,0.741398,0.743937,0.379877,0.527640,0.076851,0.280000,0.320000,0.310000,0.286667,1.000000,1.000000,1.000000,1.000000
DivRank.AU_07,397,0.452648,0.493523,0.506056,0.508110,0.644272,0.679050,0.691043,0.693591,0.502302,0.588985,0.630634,0.640169,0.677985,0.743292,0.779032,0.789594,0.408959,0.600584,0.071236,0.280000,0.280000,0.250000,0.246667,1.000000,1.000000,1.000000,1.000000
DivRank.AU_07,398,0.200000,0.200000,0.208486,0.213561,0.291189,0.279241,0.288391,0.295263,0.200000,0.200000,0.231154,0.252899,0.278535,0.256211,0.288429,0.314915,0.200002,0.298034,0.049313,0.200000,0.200000,0.210000,0.213333,0.200000,0.200000,0.400000,0.400000
DivRank.AU_07,amean,0.340012,0.371973,0.387606,0.392423,0.493289,0.520130,0.538142,0.544657,0.373653,0.443334,0.493840,0.516670,0.512272,0.565276,0.617098,0.644666,0.321191,0.482132,0.065189,0.258408,0.259862,0.259446,0.259700,0.635294,0.788927,0.886505,0.939100
